Temperature,Humidity,Wind_Speed,Pressure,Heat_Index,Dew_Point,Wind_Chill_Index,Comfort_Level,Air_Level,Weather_Events 
41,85,19,30,57,71,65,3,2,1
45,92,10,44,47,92,23,2,2,0
27,87,4,20,23,88,11,3,2,1
2,71,1,32,42,56,36,1,1,1
3,87,4,38,12,87,7,4,2,1
36,83,17,32,54,95,68,3,3,0
43,79,3,66,49,16,69,4,2,0
13,64,12,96,57,22,82,4,1,0
41,51,9,92,8,44,4,1,4,0
17,62,14,66,67,93,90,0,1,0
13,51,18,0,37,65,2,2,0,1
29,74,12,53,25,44,48,2,4,0
47,75,10,84,16,83,16,4,0,1
37,88,7,7,44,77,91,2,3,1
39,72,2,97,43,4,94,3,3,1
1,87,10,95,61,11,85,4,2,1
36,81,7,57,55,34,77,1,0,0
3,92,1,68,14,30,3,1,3,0
7,77,11,68,17,5,83,2,2,1
44,75,15,38,3,36,21,2,3,0
22,77,18,96,0,6,91,2,3,0
17,80,14,95,41,48,74,0,0,1
37,60,6,0,10,12,99,4,2,0
38,61,6,71,12,13,2,2,4,0
11,67,11,17,30,63,69,4,2,1
20,64,9,23,69,35,62,0,0,0
31,66,0,32,36,2,19,2,2,1
31,56,8,71,54,13,15,4,2,0
17,66,16,66,48,74,9,0,3,0
11,70,13,31,17,85,59,1,0,0
15,66,10,84,23,52,95,1,4,1
41,73,19,71,38,96,2,2,3,1
33,78,17,81,3,91,7,0,0,1
38,66,19,16,25,5,48,4,1,1
11,74,1,6,33,66,28,4,0,1
15,92,11,53,53,99,12,3,2,1
19,71,10,23,48,10,98,1,4,0
14,59,12,22,11,31,47,2,2,0
12,70,6,36,1,74,36,4,4,1
12,61,19,47,23,62,52,0,3,0
42,72,4,62,22,57,36,2,3,0
47,71,12,53,36,34,5,4,3,0
40,70,14,99,0,20,28,3,4,0
8,70,1,45,7,93,20,2,1,0
45,64,2,39,18,32,84,3,0,1
25,65,18,13,69,52,32,1,3,1
14,93,19,20,7,87,26,2,2,1
46,90,0,52,39,66,4,4,3,1
23,78,16,76,36,41,1,1,1,0
30,82,12,95,48,50,77,1,1,1
7,75,14,12,55,97,78,0,2,0
26,67,14,15,19,29,1,3,4,1
36,66,19,1,63,88,85,2,4,1
17,75,5,75,35,94,2,2,2,1
2,79,13,85,60,31,0,4,4,1
20,73,14,10,59,84,73,1,3,1
37,70,5,83,69,42,97,3,2,0
27,57,2,60,27,69,21,2,0,0
31,53,3,77,43,92,23,0,4,0
30,49,12,87,43,34,59,0,2,0
17,54,4,19,63,23,40,2,0,0
48,63,19,7,64,33,91,1,1,0
12,71,16,87,66,79,48,0,3,0
28,62,18,69,55,24,69,1,3,1
13,65,10,85,41,65,44,1,4,0
19,57,17,72,25,80,17,4,3,0
14,45,15,8,3,30,39,1,1,0
18,50,11,70,8,36,79,4,4,1
22,58,11,60,13,12,56,1,4,1
9,66,9,45,54,48,29,2,1,0
2,63,10,1,11,66,15,0,4,0
8,71,6,61,55,62,42,4,1,0
47,61,6,57,8,48,92,0,2,0
49,46,14,65,42,99,61,2,1,1
48,68,16,62,43,86,21,4,1,0
0,59,5,65,42,56,93,4,3,0
10,58,7,77,48,61,87,4,0,1
41,74,16,42,65,63,52,2,4,0
31,36,11,76,12,71,41,2,3,1
36,59,7,11,43,68,8,2,3,1
23,50,18,13,60,36,87,4,3,1
47,50,1,60,38,30,14,1,1,0
37,49,9,72,24,48,33,3,2,1
15,46,1,55,12,78,34,4,3,1
1,45,10,57,28,10,92,1,1,1
3,62,9,3,13,63,19,2,4,1
27,63,1,48,21,89,33,1,4,0
27,70,1,52,30,69,20,4,0,1
28,55,12,65,41,94,22,3,4,0
10,58,3,23,65,34,47,3,0,1
45,46,10,71,43,58,97,3,3,0
32,51,9,95,49,60,36,0,2,1
30,46,19,86,17,96,25,1,4,0
37,42,18,75,15,10,93,0,0,1
30,31,7,69,24,7,67,3,2,0
7,30,19,49,37,26,80,4,2,0
13,23,13,8,5,85,39,2,4,0
29,34,2,63,31,99,30,1,4,1
8,31,19,69,13,62,35,3,1,0
37,28,14,98,42,25,95,1,4,0
42,24,11,26,65,51,5,1,3,1
11,33,17,15,5,2,77,0,0,1
44,29,10,70,26,19,3,3,3,1
38,39,14,35,55,1,81,2,3,0
34,41,8,30,38,73,44,3,4,0
21,25,2,9,68,65,14,2,3,0
21,24,5,37,44,4,76,2,3,1
4,30,0,87,58,33,40,2,2,0
34,31,8,16,62,76,62,0,2,1
33,29,1,87,48,95,28,0,4,0
4,39,18,33,29,94,8,3,1,0
21,45,13,30,69,8,59,0,1,0
1,44,12,84,54,22,93,1,4,0
24,42,3,23,19,8,20,1,2,1
11,38,15,30,6,10,12,0,0,1
36,46,4,50,44,1,19,4,0,0
27,31,1,94,6,52,0,3,0,0
3,28,10,7,50,95,8,1,0,0
47,26,17,72,43,38,50,4,0,0
44,32,3,36,23,88,56,0,1,1
49,16,5,29,46,82,85,3,0,1
35,22,18,61,12,57,36,0,4,1
5,32,18,0,13,71,75,0,0,0
27,31,19,24,12,25,50,3,1,0
11,31,19,69,64,23,52,1,2,1
47,39,3,20,27,68,36,0,1,1
18,33,16,69,32,14,98,3,0,0
32,23,9,61,3,40,63,4,4,0
15,26,19,0,14,10,29,3,1,1
18,28,11,42,26,24,26,0,3,1
26,30,17,9,65,47,65,1,2,1
16,40,10,3,7,88,94,3,1,0
48,34,19,53,1,20,93,0,0,1
6,34,19,6,58,73,28,3,4,1
30,33,15,51,16,18,94,1,1,1
31,35,10,42,4,4,64,3,1,0
16,28,17,3,58,93,78,0,0,1
40,42,6,38,2,34,75,3,1,1
25,22,1,61,65,69,59,2,3,0
0,24,10,3,61,56,38,3,3,1
22,19,16,44,53,55,94,3,4,1
2,22,18,46,12,98,3,3,4,1
11,23,1,46,33,51,82,0,0,1
38,27,3,19,51,88,47,2,3,0
8,22,15,5,40,39,15,1,0,1
47,21,12,78,49,66,24,3,0,0
14,32,18,90,49,79,79,1,0,0
25,29,3,74,25,60,29,3,3,0
4,28,17,23,24,22,45,0,2,1
30,28,6,11,2,23,45,0,4,0
7,40,1,95,38,42,99,2,2,0
10,54,11,74,65,76,60,0,0,0
41,57,15,20,20,19,1,0,2,0
1,47,8,73,27,6,91,4,3,0
35,43,15,60,2,0,11,0,3,0
20,37,6,33,56,75,82,3,2,1
17,62,17,16,50,22,73,2,4,1
3,49,13,54,50,2,33,4,3,0
34,57,5,29,33,74,19,1,2,0
6,40,14,99,1,59,17,2,2,1
18,43,12,68,21,29,61,0,0,0
22,62,4,92,37,36,67,3,3,1
42,54,13,5,34,4,69,1,0,0
40,69,13,22,62,92,23,0,0,0
14,68,9,32,10,20,20,1,2,0
6,65,15,76,31,63,5,1,3,0
27,89,3,28,47,77,47,3,3,0
37,87,3,84,7,71,1,4,1,1
13,84,17,53,56,40,81,2,2,1
18,73,7,31,17,63,70,2,2,1
13,53,16,89,18,0,16,2,2,1
20,47,3,91,22,97,24,4,3,0
6,39,5,10,9,73,13,4,1,1
13,53,6,99,28,76,42,2,4,1
6,55,15,61,47,27,51,4,4,1
24,70,16,69,52,37,32,4,0,0
18,72,14,40,55,56,62,0,3,0
44,62,18,4,67,21,70,4,0,0
3,64,16,78,19,19,45,4,0,0
34,57,19,9,50,30,50,2,1,0
27,52,2,62,65,72,39,1,2,0
1,54,11,51,64,14,27,1,4,0
15,58,1,43,8,10,53,3,1,0
36,70,14,94,9,98,50,2,3,1
23,68,11,35,13,81,3,2,0,0
26,62,9,32,27,64,66,4,0,0
31,73,17,25,59,41,35,4,3,0
14,77,3,67,41,49,70,4,4,0
46,75,9,46,34,7,40,2,0,0
46,79,8,25,7,88,14,3,4,1
38,75,8,47,17,10,18,1,2,1
8,66,3,17,37,18,23,2,2,0
37,87,14,16,58,17,28,1,1,0
22,70,9,33,14,19,59,3,4,0
42,72,19,39,19,15,35,0,2,0
49,73,18,26,40,21,46,2,4,1
33,84,2,48,40,49,18,2,4,1
18,78,18,3,55,97,44,3,0,0
0,76,17,68,19,46,94,2,2,1
19,74,13,67,29,53,94,4,2,0
32,91,14,37,69,61,11,0,1,1
15,88,13,24,5,40,50,3,2,0
31,80,18,1,56,4,16,2,4,1
3,71,8,29,46,5,76,4,4,0
26,84,9,66,19,9,45,0,0,0
39,85,13,56,18,92,4,4,4,0
41,74,16,4,23,81,28,1,1,1
34,79,6,92,6,78,55,1,3,1
20,67,6,38,30,16,42,0,2,1
13,77,15,34,9,65,66,0,4,0
28,76,14,88,40,17,11,4,2,1
45,79,6,76,30,27,84,4,2,0
0,74,1,87,53,6,18,2,2,0
21,66,9,66,22,5,37,0,4,1
8,62,2,88,58,25,47,1,0,0
33,63,12,21,20,94,11,3,0,1
12,77,5,64,19,31,62,0,4,0
36,91,13,81,1,49,64,1,1,1
22,85,11,17,5,6,91,4,3,1
9,84,5,86,29,87,0,0,0,0
3,88,11,20,6,92,81,2,0,0
2,80,13,4,7,98,70,4,0,0
32,77,1,96,32,99,49,0,0,0
43,82,11,62,39,7,44,3,4,1
17,72,8,79,32,11,93,0,4,0
39,74,10,98,64,81,28,0,4,0
31,85,10,65,58,26,91,1,2,0
31,92,1,40,21,79,71,2,3,1
46,91,2,88,68,53,71,2,4,1
28,84,15,28,48,45,90,3,4,1
3,85,1,84,5,76,76,3,1,0
0,89,0,10,14,99,43,2,0,1
1,81,1,21,47,9,84,0,0,0
39,75,12,90,21,5,10,1,1,1
47,73,2,53,42,82,86,4,1,1
39,71,8,73,66,62,96,0,1,0
32,91,14,79,24,81,4,1,1,0
37,70,8,96,20,86,74,1,2,1
32,57,4,35,66,77,11,1,4,1
20,61,14,24,39,60,56,3,1,1
6,57,10,9,23,41,38,1,2,0
44,73,9,14,44,18,96,0,3,0
49,72,11,79,32,30,37,1,3,1
16,65,6,18,22,8,89,3,4,0
44,51,4,12,48,48,42,1,3,0
15,46,19,58,63,83,75,4,1,0
5,48,11,0,21,55,1,3,4,0
15,46,4,13,62,27,62,2,4,1
23,56,4,72,7,89,87,4,1,1
5,52,4,89,10,11,20,4,4,1
20,72,11,31,35,30,53,4,1,0
35,58,3,38,10,25,23,3,2,1
36,66,7,10,62,3,68,3,1,1
32,61,15,97,32,37,19,3,1,0
11,60,10,31,65,7,10,2,3,1
14,67,16,38,58,11,53,3,0,0
11,67,4,71,57,94,1,4,4,1
37,56,7,58,43,18,20,1,3,1
36,60,3,71,33,58,56,3,3,1
9,57,14,92,14,51,46,2,3,0
13,59,18,45,66,50,91,0,1,1
13,62,3,95,17,30,26,2,2,0
35,70,3,20,36,15,35,2,3,0
38,89,3,41,54,41,61,1,1,1
31,80,17,42,55,72,58,4,4,0
21,68,0,8,24,74,16,4,4,0
3,66,1,14,64,2,92,2,0,1
0,75,3,21,57,58,43,0,4,1
41,79,11,49,67,87,52,4,0,0
42,71,3,95,42,55,79,1,3,0
14,67,12,92,40,19,3,4,2,1
42,80,3,37,40,43,39,1,4,1
37,85,7,58,17,60,10,0,0,1
34,69,9,0,47,8,28,2,2,0
12,61,1,52,38,50,15,3,2,0
40,59,14,44,52,27,47,1,4,0
10,84,8,6,57,54,99,1,4,1
31,69,17,29,16,0,22,1,1,0
44,67,12,41,67,49,40,2,4,0
30,67,15,32,41,10,40,3,3,1
1,69,0,88,12,84,29,2,0,0
6,66,18,71,68,15,23,3,3,1
37,66,3,55,61,86,83,4,3,0
10,90,15,22,20,15,67,0,4,0
26,83,17,98,37,55,13,0,3,0
21,84,7,79,46,97,73,2,3,0
31,75,1,78,11,64,5,2,2,1
43,76,3,62,68,82,42,0,2,1
46,75,10,11,4,99,47,0,4,1
9,77,15,33,34,6,32,1,1,1
37,73,2,11,41,71,87,4,1,1
43,70,6,2,58,79,84,0,4,0
19,68,0,75,27,58,78,4,2,1
24,64,5,60,10,41,53,0,0,1
4,54,0,32,30,24,26,2,0,0
20,68,15,80,25,94,4,2,0,0
22,73,19,57,15,0,42,1,0,1
43,76,1,99,40,94,50,1,0,0
47,78,11,7,2,8,4,0,1,1
30,67,9,75,67,80,5,1,0,1
7,63,4,45,31,77,31,0,4,1
48,63,5,92,38,74,43,4,0,1
4,67,7,53,1,48,81,1,1,1
31,59,18,39,47,10,63,2,2,0
19,69,0,70,54,67,87,1,1,0
45,65,3,98,64,39,45,3,0,1
6,58,10,1,7,53,13,2,4,1
24,54,14,26,65,54,93,4,1,1
4,74,2,15,16,80,69,2,3,1
0,67,16,13,1,41,1,0,2,0
25,73,5,17,62,18,82,4,1,1
49,82,13,69,29,51,65,2,0,0
11,74,10,62,12,12,1,3,4,1
7,72,3,51,9,6,70,2,1,0
4,62,7,62,0,66,90,2,1,1
28,72,17,26,51,50,40,1,0,0
11,65,14,71,25,31,72,1,1,1
14,63,4,21,2,41,8,4,3,0
23,67,5,7,20,98,88,2,3,1
39,70,11,4,57,63,3,3,4,0
7,67,15,35,17,1,72,4,4,0
25,55,12,16,69,49,97,0,0,1
36,64,2,39,47,45,36,2,3,0
38,59,7,89,63,53,43,0,0,1
13,66,13,9,64,48,85,2,0,0
38,75,9,59,69,21,42,1,0,0
34,78,11,48,62,18,58,1,3,0
49,59,3,40,49,71,52,0,2,0
45,50,10,52,33,80,42,1,4,0
44,51,18,82,40,59,5,2,2,0
45,69,4,60,43,35,39,0,0,1
41,72,10,71,54,48,10,0,2,1
17,67,4,39,1,30,47,1,3,1
24,70,18,49,14,60,39,2,3,1
0,65,1,83,0,83,90,4,2,0
47,73,11,11,41,82,97,2,4,0
5,74,6,75,14,54,69,3,3,1
19,72,11,39,14,67,21,0,2,0
44,69,19,32,19,42,66,4,2,0
2,72,10,95,18,47,19,4,0,1
6,81,4,71,18,54,57,2,3,1
3,84,15,16,24,78,1,1,0,1
13,79,11,33,45,46,9,2,0,1
27,82,13,68,15,9,56,4,2,1
12,72,2,8,54,52,2,2,3,1
4,62,18,22,9,90,67,2,3,1
42,68,5,79,7,70,30,2,1,0
24,79,19,72,29,45,18,1,2,0
30,86,16,55,41,77,69,1,2,0
46,90,2,17,59,65,33,0,2,1
31,93,7,75,68,79,93,2,3,0
15,93,18,74,36,63,7,2,1,0
16,89,19,71,63,5,7,4,4,1
34,91,12,51,56,39,89,0,4,1
17,94,5,14,53,79,27,2,0,1
12,94,15,89,4,24,5,1,3,0
11,88,18,87,32,91,14,1,0,0
42,85,4,11,21,74,73,0,0,0
45,63,17,27,30,65,9,2,1,1
29,68,0,87,59,76,8,0,2,0
22,80,8,17,56,82,78,3,4,0
27,70,9,13,23,52,33,3,1,1
20,69,11,50,4,24,33,3,3,1
40,80,2,87,66,90,91,1,0,0
44,89,1,18,10,86,47,2,0,0
39,90,10,96,55,15,30,2,3,0
44,78,7,94,36,16,87,4,4,0
12,75,5,28,42,39,0,3,0,1
0,88,4,22,36,4,79,0,4,0
15,89,9,72,24,8,50,1,2,1
18,86,4,9,34,59,7,2,2,0
8,72,10,13,5,48,50,0,1,1
40,77,12,81,55,96,61,0,4,1
7,83,7,83,26,97,77,0,2,0
35,85,17,32,38,37,81,3,4,0
45,83,8,37,64,25,22,4,4,0
47,81,15,40,47,49,9,3,0,1
31,72,17,15,63,84,19,0,2,1
5,77,7,38,38,18,91,1,2,1
6,94,18,18,5,75,86,1,1,0
9,91,12,46,53,92,76,4,2,1
3,96,10,57,31,14,24,1,4,0
6,94,18,70,64,41,19,2,4,0
19,85,9,15,61,85,51,0,0,0
21,84,13,51,26,59,9,0,4,0
44,97,17,37,2,91,73,0,1,1
49,96,1,97,30,70,83,1,3,1
29,90,17,44,2,20,89,3,2,0
21,89,9,18,28,53,30,4,4,0
20,96,5,22,3,69,63,2,2,0
39,86,4,50,0,82,34,2,2,0
45,72,6,7,48,80,69,4,2,1
24,70,9,22,38,70,93,4,4,1
37,82,1,37,58,96,38,3,0,0
44,83,1,28,30,35,1,2,0,0
4,83,18,9,35,7,46,0,4,0
0,79,14,87,61,48,42,1,1,0
42,76,6,98,21,6,5,4,3,0
4,64,8,58,63,15,96,2,0,0
22,65,6,82,68,68,9,3,0,0
9,73,7,20,12,78,30,4,0,1
16,65,17,95,23,41,54,2,0,1
40,67,0,62,23,74,80,3,4,0
20,85,14,13,65,28,0,1,4,1
16,63,4,38,68,90,30,1,4,0
45,62,19,30,31,64,74,2,2,0
41,65,7,65,19,12,24,0,3,0
18,67,2,60,27,23,59,3,4,1
19,65,18,64,13,22,74,2,4,0
46,96,6,82,15,4,98,4,1,1
7,90,10,52,49,61,92,0,0,1
42,79,19,33,42,30,99,2,0,0
0,66,15,57,34,84,65,2,1,0
44,60,19,14,21,91,95,4,1,0
43,75,2,11,32,55,90,4,1,0
7,79,15,71,62,51,86,2,1,0
3,72,2,98,36,54,98,3,2,0
14,86,9,58,5,23,80,1,4,1
13,80,11,26,61,50,53,1,1,1
31,69,9,60,13,37,19,2,2,0
7,69,12,69,24,12,49,3,3,0
3,71,17,87,17,53,80,0,1,0
32,77,10,1,47,32,77,1,4,1
14,88,13,79,65,96,42,0,3,0
32,87,18,57,34,49,0,1,4,0
45,79,13,9,44,48,72,3,4,1
21,66,6,82,11,16,20,3,1,1
33,66,12,49,38,61,21,1,0,1
46,67,11,61,55,6,10,1,2,0
44,64,18,3,6,83,43,3,2,1
38,63,0,18,7,81,67,4,4,0
38,64,15,85,62,14,60,3,2,0
14,57,6,75,51,3,85,3,3,1
10,64,11,60,68,48,19,4,4,1
31,70,17,81,17,24,84,0,1,0
32,69,3,50,61,96,11,2,1,1
6,61,10,41,29,8,88,1,2,1
28,61,7,1,41,75,23,4,2,0
13,63,14,15,43,58,96,0,2,1
4,59,6,66,0,62,46,2,0,0
29,52,18,10,31,64,40,3,4,1
46,53,15,88,50,21,8,4,2,0
26,57,6,24,21,16,58,0,4,1
33,55,5,76,68,26,96,0,0,1
23,65,15,44,6,88,65,2,2,1
34,60,18,20,55,76,57,2,4,1
10,62,15,64,16,78,51,2,0,0
6,73,1,62,49,62,33,1,1,0
49,60,5,38,43,22,65,2,1,0
13,59,13,11,43,17,56,4,1,1
35,63,10,87,50,95,77,2,1,0
28,68,15,29,12,39,95,4,2,1
27,56,13,41,22,34,40,0,0,1
34,47,3,53,42,59,34,0,4,1
1,44,11,24,43,47,90,0,4,0
0,46,8,63,26,44,81,2,3,0
3,43,18,29,68,43,82,4,1,1
9,48,18,58,42,33,35,1,2,1
12,48,10,65,63,10,51,1,4,1
15,44,2,16,62,22,71,0,0,0
7,45,4,85,43,91,14,0,2,0
8,48,9,71,66,66,44,0,4,1
28,42,15,40,39,49,14,3,3,0
27,35,3,21,54,41,53,2,2,1
19,29,14,33,55,4,33,0,3,0
28,29,7,5,23,71,70,3,1,1
23,40,13,73,21,16,29,4,2,0
41,40,0,42,40,26,98,3,4,0
28,47,12,83,17,43,68,0,1,1
3,48,12,28,6,41,48,1,1,0
20,54,5,79,13,43,48,0,0,1
18,50,13,61,34,39,84,4,3,1
37,64,4,48,57,14,59,2,2,1
45,58,6,68,33,29,37,2,2,0
49,48,3,74,37,7,49,0,4,1
13,33,8,36,32,61,11,3,1,1
12,29,10,94,20,42,2,3,3,0
8,37,10,7,0,74,75,3,2,0
2,36,5,39,55,64,13,4,0,0
14,34,3,4,17,97,76,3,0,0
32,32,7,38,37,8,46,2,2,1
27,30,13,55,67,87,24,2,1,0
35,28,16,4,62,0,71,2,0,1
13,29,7,25,26,31,46,2,1,1
14,26,10,22,59,22,41,4,1,0
16,23,12,66,5,26,23,3,4,0
3,25,5,38,15,83,2,2,1,0
6,33,7,91,31,47,87,1,4,0
2,34,2,53,7,79,16,0,1,0
30,53,0,3,7,69,23,2,2,1
5,51,5,75,41,79,87,4,0,0
48,49,15,66,27,49,44,1,4,1
3,43,1,90,46,23,1,4,0,1
42,40,15,50,29,99,81,1,2,1
21,38,2,54,31,56,36,0,4,0
48,40,12,78,32,4,67,0,4,1
49,53,11,80,26,48,57,1,4,0
22,66,0,29,11,19,19,0,2,0
0,55,5,95,27,72,1,1,2,1
15,40,17,81,50,40,29,4,2,0
1,40,8,11,67,25,96,1,4,1
18,48,9,95,44,42,82,4,1,1
41,35,8,41,47,4,73,3,3,0
37,30,6,7,40,18,49,0,4,0
8,34,15,29,67,9,84,1,1,1
43,33,12,87,17,51,96,1,2,1
39,33,12,10,16,74,69,3,1,1
25,33,4,97,36,52,99,4,4,0
7,51,14,99,59,97,25,4,3,0
33,43,19,75,56,36,95,0,3,0
29,54,13,33,1,51,44,4,3,0
15,50,16,18,33,54,27,2,4,0
0,45,11,66,12,80,74,1,2,0
28,40,5,94,0,3,11,0,2,0
32,45,19,79,53,35,39,2,2,1
11,39,10,22,61,31,34,2,4,1
27,34,6,63,61,64,26,4,1,0
32,41,15,12,4,79,31,1,3,1
6,34,14,72,8,37,40,1,4,1
15,33,12,76,62,10,67,1,1,1
44,27,6,27,47,9,49,1,2,1
34,28,16,96,53,5,80,3,1,1
34,23,6,18,10,65,91,4,4,1
40,26,19,79,0,30,96,0,3,1
12,32,14,1,60,22,85,1,3,0
39,21,13,36,58,63,41,2,3,0
14,23,4,4,17,96,69,2,0,0
7,39,2,33,26,96,58,1,1,1
39,55,12,62,36,64,26,0,0,0
47,67,8,17,44,8,54,0,3,0
45,52,8,97,11,98,81,3,4,0
12,41,10,1,59,84,8,1,2,1
28,42,8,2,50,11,38,3,1,1
16,58,19,74,31,87,0,2,3,0
29,48,15,45,19,63,94,3,1,0
37,36,3,99,6,18,28,4,1,2
21,40,4,32,49,16,99,2,0,1
16,47,17,56,61,30,55,1,3,1
36,50,19,17,42,28,98,0,2,0
21,46,17,34,65,24,89,0,3,0
6,53,13,44,16,77,26,3,2,0
3,60,18,36,62,43,69,4,2,0
4,49,14,41,38,91,12,2,2,0
47,49,17,22,28,50,37,4,0,1
48,58,6,99,20,77,81,0,0,0
46,68,5,5,18,86,27,1,3,1
28,65,8,54,25,6,12,3,0,0
12,71,3,8,62,33,61,1,1,1
8,75,16,97,58,63,1,3,1,0
30,69,0,48,42,96,53,4,0,1
42,52,1,2,54,84,13,2,4,0
10,61,5,12,44,20,51,2,3,0
46,49,13,94,40,26,98,0,1,0
19,40,12,2,13,25,45,2,4,0
30,37,2,21,64,53,50,1,0,1
14,39,3,66,1,9,40,1,3,1
21,39,15,61,54,92,45,2,0,1
36,51,10,25,15,26,29,0,0,0
47,70,5,72,56,47,86,3,3,1
9,68,3,5,0,93,72,0,1,1
21,63,5,29,45,35,67,1,0,1
11,63,13,87,12,26,55,0,3,1
33,74,12,65,50,87,49,0,4,1
49,84,15,72,16,64,63,0,3,0
45,71,6,51,29,13,12,1,0,0
14,69,9,85,68,99,27,2,1,0
32,66,7,30,50,34,95,0,3,0
3,70,9,17,62,40,66,2,4,0
5,73,2,99,39,4,43,4,4,1
28,64,5,36,52,48,97,4,3,1
48,63,14,17,17,11,75,3,1,1
7,62,15,20,38,84,31,4,2,0
7,65,9,85,66,58,98,4,4,0
47,76,10,94,33,30,23,0,0,0
39,70,13,93,24,14,14,2,2,0
16,66,14,54,32,20,26,4,4,1
37,66,15,23,47,91,78,0,3,1
49,60,5,35,51,24,58,2,2,0
31,78,15,16,52,89,63,0,3,0
39,66,9,49,8,0,66,1,1,1
32,70,18,75,57,65,51,2,2,1
43,78,4,62,49,44,13,2,4,0
19,65,10,60,55,56,79,4,1,1
11,65,7,57,18,43,28,4,1,0
39,68,19,69,2,14,82,2,0,1
5,80,12,80,54,81,56,3,3,1
32,90,1,25,23,94,23,3,2,1
35,72,9,36,21,11,6,4,2,0
7,58,0,51,48,65,1,2,4,0
7,58,10,49,22,94,44,4,1,0
26,58,2,8,27,36,9,3,3,0
21,55,5,29,61,58,7,2,2,1
27,60,15,15,26,74,65,3,0,1
13,54,8,71,27,85,42,4,0,1
30,57,11,55,3,62,28,2,2,0
16,52,0,2,67,83,47,3,1,1
41,47,9,87,3,36,92,2,0,1
20,43,11,23,7,6,38,1,1,1
26,47,7,97,31,21,4,3,1,0
10,46,7,18,56,79,59,3,4,1
4,46,6,73,51,24,9,1,1,1
21,47,8,10,0,27,33,1,4,1
4,40,9,33,66,57,25,1,1,1
32,45,19,35,62,0,31,4,2,1
18,68,0,21,42,32,79,0,0,1
43,69,12,88,35,21,96,1,4,0
6,78,4,51,9,14,21,4,0,0
8,86,6,97,66,1,56,2,2,1
10,66,3,47,17,3,6,2,4,0
38,71,5,85,17,37,86,1,4,0
19,78,8,33,2,38,92,4,4,0
7,81,10,99,1,64,69,2,2,0
48,86,19,41,62,21,49,0,2,0
12,77,2,98,58,9,4,1,2,1
45,68,18,94,35,61,96,0,4,1
7,66,1,50,63,29,97,1,1,1
48,70,17,22,15,4,22,1,3,1
7,78,14,7,60,85,3,2,4,1
25,86,3,85,0,18,71,3,1,1
40,73,15,48,53,66,48,4,2,0
36,68,9,47,37,89,89,4,4,1
28,66,18,99,23,90,2,4,4,0
9,63,14,54,34,12,89,0,3,1
35,65,12,91,64,28,76,0,1,1
40,62,14,75,59,56,4,1,2,0
22,62,6,4,1,73,11,3,4,0
34,57,2,61,38,81,4,2,0,0
29,56,2,97,8,69,98,0,2,1
39,55,8,42,61,2,84,3,4,1
35,50,14,54,20,17,45,1,3,0
38,47,7,50,36,82,89,1,2,1
46,53,15,12,10,89,90,3,3,1
3,53,11,70,55,93,88,0,1,0
32,53,10,54,6,72,44,1,2,0
12,47,10,98,0,22,32,1,4,1
42,49,7,98,69,40,88,0,1,0
47,49,0,21,51,63,42,2,1,1
9,50,3,20,36,85,25,2,0,1
7,53,13,0,9,26,89,2,3,0
13,53,14,67,17,49,13,2,2,1
27,53,13,63,0,13,92,2,2,0
39,54,13,86,33,57,81,3,4,0
32,56,6,74,37,51,39,4,1,1
39,57,1,26,6,45,14,4,3,1
40,59,10,37,40,31,25,2,2,1
16,53,18,96,63,39,89,1,0,0
40,50,8,11,7,4,92,3,0,1
41,57,12,3,33,74,11,1,2,1
21,57,3,80,29,9,58,0,1,1
23,59,17,10,48,24,83,4,0,0
40,60,3,33,38,39,66,3,1,1
5,68,12,88,46,36,17,4,1,1
8,68,6,8,15,56,21,3,4,1
42,59,17,57,36,99,56,0,1,0
20,48,1,56,41,29,19,3,4,1
44,56,18,27,66,43,62,0,1,1
13,58,5,32,19,38,63,3,2,0
14,56,1,86,1,70,46,2,0,1
22,56,17,21,12,46,99,4,4,1
39,65,0,99,35,35,2,2,0,0
25,66,5,55,2,49,50,1,2,0
27,68,9,24,27,95,1,4,4,0
27,67,8,53,57,3,27,1,4,1
16,66,14,57,19,40,28,2,4,0
42,63,10,14,21,47,97,4,2,1
45,65,15,89,63,23,11,1,2,0
28,66,3,66,35,92,92,3,2,1
33,61,17,10,68,60,89,1,4,1
16,58,15,4,54,59,16,3,1,0
9,51,15,92,29,74,84,0,3,1
39,49,12,48,19,38,15,2,4,0
45,53,2,0,37,4,46,4,1,1
48,57,10,7,49,4,32,4,2,1
2,56,16,54,56,88,8,4,1,0
20,56,10,66,30,74,20,0,4,0
7,66,11,36,30,32,49,3,3,1
21,66,5,20,27,95,25,0,3,1
30,56,13,88,34,90,0,1,3,0
25,52,0,4,29,8,13,2,0,0
29,55,16,52,50,39,14,0,1,0
33,52,0,63,60,12,13,4,0,1
11,51,9,29,8,60,5,1,3,0
23,43,11,69,68,94,67,0,4,0
0,45,11,17,17,16,53,4,2,0
37,48,19,2,47,74,13,2,1,0
17,52,0,21,32,43,49,0,3,0
39,53,11,74,45,21,5,4,1,1
23,58,5,83,12,86,2,3,1,0
5,55,5,4,44,96,82,0,3,0
33,62,6,74,27,44,66,4,2,1
0,59,11,66,17,78,74,2,3,0
34,57,1,72,69,3,26,4,4,0
10,52,11,74,65,11,56,0,1,0
20,52,17,6,56,61,77,1,3,1
20,51,9,29,63,80,41,3,2,1
1,64,8,31,42,8,16,4,0,0
42,67,10,96,23,9,91,4,2,1
44,68,14,22,17,76,36,0,2,0
25,55,6,52,67,21,36,3,1,0
3,43,12,43,50,17,53,3,4,0
15,48,7,59,64,96,7,3,4,0
27,67,9,6,62,74,25,3,2,1
1,69,7,43,25,19,78,1,0,1
2,60,1,81,2,61,14,4,4,1
8,49,14,19,62,13,48,4,1,1
25,48,8,10,48,53,55,1,4,0
2,50,4,33,24,1,42,4,1,0
17,68,18,67,22,35,71,0,0,0
29,66,19,41,59,41,72,4,2,1
2,71,11,82,66,11,14,0,3,1
23,66,15,29,6,82,73,0,1,0
2,72,4,5,16,72,1,0,1,1
38,87,5,59,6,42,43,3,1,1
31,76,9,5,10,15,35,2,2,1
34,72,9,10,36,39,8,4,3,0
33,72,3,86,50,54,36,2,2,0
32,80,4,82,50,51,17,4,3,2
20,82,2,29,23,38,22,3,4,0
3,77,13,46,58,88,38,0,0,0
0,79,17,0,35,54,88,1,0,1
48,85,9,22,10,89,58,1,2,1
14,79,13,87,44,66,1,2,2,0
45,83,2,8,69,77,72,0,0,1
34,81,19,13,37,63,90,4,0,0
48,77,14,48,19,17,96,1,1,0
43,69,5,4,48,98,6,4,4,0
1,86,6,72,56,55,88,1,0,0
19,73,4,60,65,26,56,4,4,0
10,71,16,58,49,71,59,1,0,1
23,67,5,13,59,91,8,3,2,0
22,72,1,76,25,71,18,2,2,1
12,97,0,68,53,73,33,1,1,1
11,92,14,17,52,6,45,3,1,1
48,79,8,40,3,43,30,3,0,1
22,69,12,88,59,0,42,3,1,1
5,80,8,0,61,44,82,1,0,1
32,86,16,68,62,91,81,4,4,0
1,88,15,18,51,34,30,0,1,0
46,81,16,24,7,8,50,2,2,0
5,73,0,95,63,40,46,4,1,1
24,81,12,21,1,37,61,2,3,0
7,80,18,33,11,61,70,0,2,0
34,78,15,94,19,24,31,1,4,0
25,82,9,63,14,77,81,2,2,1
45,79,13,28,1,90,57,1,0,1
31,78,15,73,25,71,74,0,4,1
1,77,14,3,30,25,87,4,2,1
43,74,17,49,63,62,74,3,3,1
44,78,5,64,57,99,33,3,2,1
48,74,15,11,36,78,38,0,2,1
36,73,6,62,24,84,74,1,1,1
6,94,4,67,52,74,31,0,1,0
47,85,6,30,16,93,71,4,4,0
4,86,5,17,25,78,5,1,2,1
6,78,0,8,68,63,43,2,3,0
36,88,2,30,4,10,82,3,4,1
45,74,13,57,3,28,72,4,0,0
11,67,5,70,59,47,27,3,2,0
8,68,15,84,60,30,83,4,0,1
17,56,11,35,39,62,54,3,2,0
23,58,8,31,31,30,12,4,1,0
42,65,6,39,65,80,91,4,1,1
17,64,16,23,52,20,76,3,0,0
37,71,18,66,32,78,42,4,1,0
44,81,3,19,59,69,80,0,2,0
18,63,17,47,42,5,62,2,0,1
27,63,10,4,41,33,51,1,0,1
15,68,19,79,26,15,82,0,1,1
3,64,12,60,65,15,50,3,2,1
18,64,14,76,62,97,81,3,4,0
2,64,10,18,51,5,76,4,2,1
8,67,11,94,3,46,92,1,3,0
4,70,11,91,45,59,62,3,0,1
21,59,17,3,37,49,73,2,4,0
6,63,6,22,31,36,63,3,4,1
36,70,15,32,12,65,14,4,2,1
46,71,1,81,50,17,63,1,1,0
20,73,17,62,18,90,42,3,2,1
48,73,13,0,35,66,57,4,4,1
19,74,2,15,19,64,0,0,2,1
39,67,11,27,4,14,1,4,2,1
43,64,4,32,52,86,81,3,2,1
13,59,14,35,12,7,46,1,1,1
18,74,8,11,6,32,8,4,1,1
0,72,3,47,52,65,44,4,0,0
43,59,8,49,41,38,3,4,2,0
44,34,10,45,54,11,13,1,2,1
6,43,16,67,42,60,34,0,4,1
9,46,18,92,7,78,78,3,0,1
24,93,10,8,27,43,4,4,2,0
22,90,13,94,68,16,70,2,1,1
6,83,16,32,37,96,58,4,1,1
24,69,5,63,5,6,59,0,0,1
40,64,6,88,19,27,65,2,2,1
34,62,13,84,40,88,98,1,2,1
35,80,8,29,6,35,5,2,2,0
13,74,10,40,55,22,66,0,4,1
20,54,3,95,1,27,70,1,3,0
48,69,2,75,10,11,10,0,0,0
0,70,5,81,45,44,17,1,1,1
48,63,15,60,60,64,81,3,2,0
18,65,5,10,33,56,27,4,0,0
48,65,17,67,35,46,87,4,0,1
11,89,17,41,54,53,44,3,0,1
22,82,10,65,61,87,58,0,3,1
26,70,9,70,4,2,74,3,4,0
0,70,8,71,33,33,2,2,3,0
10,66,9,66,38,77,44,0,3,1
2,66,16,20,8,14,28,2,3,1
40,61,4,75,37,5,59,2,2,1
40,64,16,74,50,0,81,2,3,0
18,66,19,11,65,96,32,3,1,1
10,66,8,35,67,12,73,3,3,0
40,66,16,80,66,51,24,3,4,0
11,54,5,5,37,92,96,1,0,0
7,51,13,40,19,74,7,4,4,0
28,54,17,35,61,65,29,3,0,0
48,53,1,70,3,92,60,1,1,0
32,66,12,67,15,90,87,4,1,0
12,65,18,55,16,89,59,2,1,0
16,60,0,25,14,25,41,4,0,0
13,45,12,82,16,90,22,2,4,0
15,71,19,1,2,5,25,1,2,1
30,78,0,84,50,43,93,2,4,1
45,68,15,2,58,94,51,2,2,0
41,60,14,31,4,96,6,3,3,0
12,62,2,31,22,65,86,0,3,1
9,50,12,44,6,56,92,2,1,0
16,53,10,1,51,51,30,0,2,1
47,52,15,56,8,65,48,2,1,0
8,45,6,65,17,4,38,4,4,1
31,63,15,46,60,27,88,0,1,1
11,71,13,69,1,99,38,2,4,1
49,63,16,80,44,25,30,2,2,1
13,59,14,83,32,76,1,4,1,1
35,58,13,35,69,17,34,4,0,0
10,49,12,99,52,89,92,1,1,0
16,45,16,79,42,29,94,4,0,1
47,41,11,55,40,92,95,4,0,0
0,38,12,52,19,92,10,2,4,0
5,29,7,68,69,46,81,2,4,1
47,30,5,85,59,37,36,4,1,1
13,33,13,8,1,60,45,4,3,0
24,40,14,42,14,11,12,4,3,0
35,43,9,86,51,6,1,3,2,0
44,51,16,31,24,3,90,1,4,0
24,53,16,0,35,12,14,2,0,1
45,48,16,22,9,56,51,4,2,0
23,47,3,45,16,28,71,3,2,0
33,45,3,49,57,82,90,1,0,1
3,44,5,79,66,16,1,3,2,0
13,40,1,91,13,1,48,3,4,1
32,39,11,66,16,0,81,4,1,1
41,39,5,8,20,77,56,2,1,0
6,31,9,83,46,62,12,2,2,0
14,22,19,25,38,64,59,0,4,1
12,13,8,20,38,7,41,3,4,0
21,22,8,48,45,62,85,0,3,1
16,27,4,16,35,53,58,3,3,0
25,25,5,20,54,97,65,4,2,1
30,33,17,93,59,81,35,0,1,1
21,46,8,54,31,40,8,1,2,1
43,61,12,77,64,10,83,3,4,0
46,50,4,54,63,50,3,4,4,1
46,52,5,37,43,72,50,3,0,0
11,52,7,53,13,61,49,2,4,1
42,40,13,43,41,79,16,1,1,1
22,36,12,86,21,31,90,4,3,1
23,44,13,82,49,45,42,0,2,1
11,32,1,51,53,85,88,2,4,1
34,25,17,98,54,4,70,4,2,1
10,20,0,58,45,67,8,2,2,0
38,22,17,73,52,84,65,3,2,0
27,29,6,15,45,4,99,2,4,1
43,22,17,42,12,45,19,1,0,0
43,27,9,96,55,12,71,1,0,0
20,21,11,65,59,86,61,3,4,0
22,30,7,13,53,74,64,0,1,1
23,27,2,75,54,69,88,0,3,1
18,39,5,1,23,75,45,1,0,0
24,25,2,53,67,83,54,2,0,1
15,42,4,57,56,65,98,2,0,0
48,39,18,67,0,5,35,2,0,1
23,51,4,95,27,20,17,1,4,0
31,48,11,72,34,46,9,1,4,1
41,40,3,2,47,43,59,1,4,0
16,40,4,98,16,46,68,1,2,1
13,36,0,61,47,26,48,1,3,1
20,33,5,25,6,72,4,2,4,0
14,24,17,63,36,31,88,1,4,0
44,32,3,92,13,33,39,3,1,0
33,35,7,45,66,74,35,3,0,1
11,35,6,37,42,80,79,0,0,1
11,48,14,53,37,71,85,1,1,1
4,78,11,89,42,25,78,0,1,1
28,61,18,69,1,7,73,1,1,1
6,52,11,45,27,66,64,0,1,0
7,50,10,13,11,48,11,4,2,1
43,45,6,38,64,55,41,0,4,0
23,47,4,11,61,5,17,2,1,1
13,49,5,89,14,23,55,3,2,1
2,64,5,96,7,42,24,3,3,0
41,60,9,38,1,21,96,2,4,0
11,62,8,96,28,50,72,4,2,1
47,64,7,67,23,89,36,4,4,1
2,83,8,69,20,51,39,3,3,0
5,54,19,8,7,33,24,3,2,1
37,48,19,97,58,99,85,2,3,1
33,48,8,66,2,29,1,1,4,1
47,57,14,98,41,95,93,3,2,0
46,59,0,15,39,13,9,0,3,1
38,53,8,58,59,83,81,0,2,0
36,46,17,43,33,17,37,1,1,1
40,49,10,3,35,77,52,3,3,0
12,52,19,42,30,85,48,3,3,0
10,47,11,62,17,27,82,3,1,0
13,83,12,85,28,33,59,3,1,0
34,86,18,59,5,29,74,1,1,1
21,72,11,39,32,25,84,2,4,1
41,77,1,67,29,50,3,1,0,1
19,92,4,81,38,41,53,2,1,1
26,98,13,49,31,41,93,4,4,1
48,95,7,78,22,29,53,2,2,1
33,73,10,34,21,72,86,3,2,1
39,68,13,97,2,61,80,2,1,0
11,53,6,65,18,3,67,4,4,1
8,61,12,15,17,71,97,1,2,0
6,76,3,0,6,59,79,0,0,1
44,79,9,78,53,33,21,1,1,0
4,70,17,5,48,50,57,1,0,0
29,78,8,56,9,63,68,1,1,0
45,69,14,70,8,25,33,1,1,1
0,64,0,93,23,24,19,3,2,0
9,65,7,51,33,69,19,3,3,1
24,65,16,45,66,99,43,1,4,1
32,71,5,79,31,93,52,0,4,1
33,72,1,27,19,89,72,2,4,1
16,69,3,24,5,93,87,1,0,1
6,61,13,99,36,98,72,0,0,0
9,68,0,64,46,0,38,4,1,1
20,68,9,65,21,35,17,2,3,1
8,71,12,49,39,70,17,3,2,0
9,72,4,68,56,36,96,0,0,1
26,70,12,47,59,44,14,2,3,1
2,59,5,23,29,87,97,4,1,1
25,78,6,62,40,90,83,0,1,0
40,80,8,5,36,23,21,3,3,1
45,79,18,73,48,45,15,2,0,1
0,83,14,37,41,52,98,3,1,1
29,85,13,41,13,14,73,3,1,1
26,90,18,34,44,27,73,3,0,0
29,77,3,35,59,4,37,1,2,1
43,87,13,12,53,96,48,2,2,1
7,74,0,30,68,42,54,1,2,0
49,70,11,30,65,97,60,0,2,0
4,73,14,64,11,25,67,2,2,1
2,86,10,92,60,6,68,2,3,1
9,83,3,29,54,35,75,3,4,1
9,73,18,60,35,6,50,1,4,0
16,73,7,6,64,53,73,1,2,1
7,61,8,2,65,58,33,2,1,0
2,59,12,72,15,91,92,3,3,0
38,72,0,53,5,36,48,0,1,1
24,65,3,90,2,66,44,0,0,1
23,69,6,18,37,34,38,0,4,1
33,66,4,88,5,57,0,0,3,2
26,57,4,5,36,99,13,0,4,0
24,61,11,9,52,15,36,4,3,1
49,61,10,99,12,87,54,3,0,0
15,64,6,95,69,72,16,1,3,1
16,58,1,34,7,81,39,2,0,1
1,57,5,77,50,7,27,1,3,1
27,54,3,17,52,9,98,2,2,0
46,48,9,84,34,48,17,0,4,0
44,46,8,10,32,84,72,4,2,1
32,49,2,2,66,73,65,1,1,1
3,43,14,33,55,40,73,1,4,1
15,47,4,70,14,40,77,0,1,1
26,42,17,26,52,36,58,3,2,0
38,46,17,59,27,30,40,2,4,0
48,47,5,51,50,18,74,0,1,1
10,48,8,46,59,62,65,0,3,1
11,47,5,58,13,57,89,2,1,1
42,50,17,21,27,88,81,3,3,1
49,54,15,66,31,58,24,0,0,1
2,55,17,1,44,12,61,3,2,1
31,54,0,25,11,60,40,3,4,0
33,55,19,91,40,43,44,2,4,0
4,55,13,14,27,36,86,3,4,0
47,58,5,27,48,95,36,0,0,1
6,68,5,47,51,25,37,2,3,1
41,74,19,10,22,34,66,2,0,1
47,69,2,47,27,17,95,4,1,0
12,65,18,91,67,31,78,0,2,0
2,64,18,50,7,10,83,4,0,0
32,61,14,48,5,28,25,1,4,1
48,52,11,71,42,98,95,0,1,0
41,49,11,35,21,59,4,2,0,1
30,54,11,68,43,59,6,4,4,1
41,58,1,0,19,25,42,4,2,1
46,59,2,80,63,71,33,4,0,0
22,55,19,26,34,51,67,4,4,1
31,47,4,9,57,10,64,4,3,0
29,51,0,62,40,0,86,4,0,1
40,54,16,51,41,45,66,3,4,0
27,52,14,97,64,28,69,4,2,0
45,54,11,96,53,31,90,3,4,0
22,59,6,94,58,23,22,2,0,0
18,61,7,93,61,77,78,0,1,1
28,66,8,12,47,91,45,1,3,1
11,65,9,71,12,36,63,3,4,1
35,60,4,22,36,14,57,3,4,0
41,55,1,56,4,85,3,4,0,0
28,52,12,40,3,82,73,2,3,0
23,54,5,29,17,86,78,0,3,1
2,63,17,89,31,69,56,4,3,0
37,64,7,3,9,74,73,0,3,0
33,66,14,54,54,0,63,2,1,1
8,63,6,18,64,35,48,3,4,0
45,64,18,70,0,13,31,2,4,1
11,72,10,80,30,96,10,4,1,1
15,66,5,61,15,56,26,4,4,0
43,65,17,34,30,9,92,3,0,0
16,62,7,10,49,10,35,2,4,0
35,56,19,35,41,5,3,1,0,1
33,52,5,92,55,58,76,1,0,0
48,53,18,66,1,77,27,0,0,0
15,47,3,15,12,87,84,4,3,1
8,52,7,48,64,4,64,2,2,0
33,54,4,40,36,66,57,2,4,1
18,57,1,42,17,98,48,3,2,1
10,64,8,79,15,62,4,1,4,1
17,67,6,58,32,14,6,1,3,1
43,69,17,50,65,5,50,3,0,1
10,71,2,0,5,13,40,3,1,0
2,71,11,61,68,28,1,2,1,0
37,68,2,35,53,56,18,3,2,1
40,69,6,54,64,82,75,2,0,0
16,75,2,4,23,36,96,3,4,0
23,74,11,19,59,45,88,4,1,1
0,75,16,83,13,5,55,4,4,0
38,70,18,23,68,46,10,4,1,1
36,74,17,15,31,59,11,1,4,1
42,73,12,63,15,9,3,3,1,1
47,60,18,8,67,96,13,2,3,0
34,61,12,9,36,69,94,0,2,0
25,59,9,21,44,70,72,4,1,0
26,60,0,48,0,95,74,0,3,0
36,62,0,8,64,17,56,1,3,1
2,50,2,73,4,70,40,4,3,0
37,48,17,1,27,42,1,4,1,0
24,58,2,78,30,87,7,3,4,1
43,65,1,90,18,88,35,2,0,0
48,66,3,25,63,13,50,2,2,1
39,68,15,95,60,1,73,4,4,1
40,65,11,1,67,60,27,0,2,1
23,74,14,16,41,82,94,1,0,1
1,63,19,30,23,7,74,0,1,0
30,56,8,93,38,1,97,3,2,1
19,60,2,40,55,99,89,0,1,1
25,66,6,30,60,89,16,1,0,1
16,82,12,98,3,66,98,1,4,1
5,81,16,89,12,33,21,1,3,1
2,82,3,30,0,15,54,2,3,0
3,79,10,57,23,20,80,4,0,1
2,72,15,26,12,64,78,1,1,1
15,70,3,92,43,37,27,4,0,1
22,68,1,79,11,66,79,3,4,0
2,72,15,43,8,43,18,1,1,1
24,76,1,89,21,91,61,0,2,1
47,77,12,64,17,15,29,0,3,0
6,71,10,85,14,84,68,0,4,0
26,78,10,23,27,53,85,3,3,0
18,77,10,36,43,31,10,1,4,1
32,78,17,59,31,12,47,1,3,0
27,91,4,69,44,47,45,1,4,0
34,67,4,81,13,43,60,4,4,0
1,64,0,26,24,88,75,2,3,1
37,64,13,63,25,18,13,2,4,1
39,66,9,80,30,68,99,3,0,1
26,74,15,11,40,38,41,4,2,1
23,71,8,83,36,86,52,3,1,1
3,72,16,62,7,89,71,0,0,0
16,70,7,22,15,58,32,0,3,0
40,75,14,91,62,86,27,4,3,0
6,80,1,89,15,51,91,2,4,1
43,81,6,59,35,41,4,0,1,1
22,69,2,80,49,97,20,3,3,0
17,66,16,53,23,65,4,0,2,1
23,65,18,31,50,80,68,3,3,0
17,63,15,4,54,57,20,0,4,1
3,58,3,79,34,92,17,1,1,0
1,65,9,1,66,87,75,2,3,0
0,72,10,51,6,28,81,2,4,1
9,71,6,27,53,22,48,4,0,1
13,72,7,69,18,72,82,0,4,1
49,76,9,89,0,0,45,3,3,1
44,75,15,95,9,30,67,1,1,1
34,77,18,8,31,27,49,4,4,0
9,89,6,43,5,54,24,4,4,0
7,82,17,54,57,64,47,2,4,0
33,87,4,79,57,94,83,3,1,1
0,83,5,45,0,69,33,4,0,1
4,65,6,32,45,84,89,1,3,1
13,74,1,29,42,32,12,4,4,1
14,75,12,37,22,0,51,4,2,0
19,70,9,45,68,80,47,1,4,1
25,76,8,90,38,85,59,0,0,1
34,80,8,54,13,90,40,2,2,1
32,84,5,7,9,46,61,1,1,1
9,80,9,94,20,29,99,3,2,1
18,78,1,83,67,50,2,0,0,1
23,80,7,93,19,27,43,3,1,1
20,89,9,4,51,84,3,0,0,0
32,84,9,46,42,72,1,2,1,1
49,73,13,83,18,8,50,2,3,1
2,83,1,76,51,68,77,1,4,1
4,76,17,58,55,48,10,4,4,1
46,86,14,2,52,73,59,0,3,1
42,75,1,33,26,32,43,0,0,1
0,80,13,5,1,94,36,2,3,0
47,69,8,43,6,27,26,2,2,1
46,69,4,82,58,42,86,4,0,1
15,71,3,0,61,43,38,0,2,0
28,79,2,36,51,75,9,3,2,0
45,78,15,9,58,55,62,1,2,1
46,66,10,1,67,84,26,4,3,0
26,56,16,41,19,16,29,3,3,1
5,67,7,27,61,3,81,4,3,0
40,53,19,12,64,65,21,4,1,1
20,71,4,81,51,35,73,1,4,1
21,70,10,46,24,88,64,0,3,0
16,77,18,26,36,1,95,2,1,1
6,67,11,16,18,40,4,2,4,1
5,67,1,78,66,9,37,4,2,1
8,65,16,53,14,0,49,2,4,1
49,55,16,85,43,87,62,3,2,1
18,58,12,25,14,75,6,4,1,0
17,62,17,12,24,75,27,1,2,1
31,62,0,47,39,57,41,1,2,1
2,60,16,57,32,16,17,2,3,1
0,56,7,64,27,23,67,2,0,1
4,59,18,20,3,23,81,2,2,0
36,76,16,36,20,66,79,0,0,0
34,70,13,62,17,76,87,4,2,1
28,73,6,27,63,23,53,2,4,1
46,61,14,24,22,90,49,4,0,1
40,51,12,41,17,63,33,0,2,0
5,51,10,36,18,12,29,2,2,0
17,58,3,68,50,11,90,4,4,1
5,58,15,47,15,6,48,0,4,1
14,56,3,98,43,31,51,1,1,0
24,59,19,70,23,48,11,1,4,1
10,63,2,82,9,6,67,1,4,0
31,64,7,59,21,48,61,1,2,1
42,57,16,70,65,3,42,2,2,1
29,57,10,52,45,58,86,0,4,1
41,56,10,18,43,40,29,4,4,0
14,44,9,79,30,71,70,4,4,0
43,57,6,20,20,72,82,3,3,0
38,67,1,13,12,92,89,1,1,0
8,64,16,54,53,3,36,2,2,1
44,60,13,5,1,85,29,4,4,1
3,58,17,8,24,96,23,0,3,1
25,57,8,79,38,16,72,2,1,0
3,68,1,4,47,0,40,4,3,1
17,67,13,77,35,31,92,3,3,1
30,65,12,79,4,22,53,2,4,1
36,66,8,59,2,58,74,3,2,0
40,59,5,74,47,46,95,1,2,1
28,54,0,56,56,1,79,2,0,1
3,50,8,67,25,33,3,4,3,1
0,61,1,98,12,51,95,1,0,1
23,62,16,33,64,64,29,1,3,1
29,59,11,71,68,12,35,0,4,1
33,43,1,75,9,43,92,3,0,1
3,38,13,27,58,54,24,2,3,0
29,43,17,88,24,13,66,2,4,1
43,47,16,56,60,52,77,4,0,1
15,50,12,56,21,93,61,1,1,0
49,63,1,28,48,84,31,3,3,1
6,54,6,51,6,66,92,2,4,1
18,53,10,23,6,66,98,0,3,1
41,48,9,98,8,80,50,0,2,1
25,40,5,23,42,36,16,2,1,1
17,40,0,53,14,87,65,1,4,1
4,38,4,12,24,59,26,0,0,0
40,39,0,34,23,56,24,1,2,1
32,44,9,48,7,70,98,1,4,1
42,33,4,60,6,26,11,4,2,0
15,29,9,25,58,0,48,1,3,1
43,33,4,32,17,24,27,4,2,1
4,37,19,96,7,44,85,1,1,1
9,36,10,32,59,69,31,2,1,0
16,32,9,42,35,60,35,0,3,0
39,29,0,72,15,34,62,4,0,1
8,35,9,82,37,51,88,0,0,0
27,36,10,15,65,98,72,2,1,1
12,28,0,96,64,12,58,4,2,0
26,24,18,45,51,15,0,4,2,1
13,25,4,8,46,80,30,4,2,1
16,24,9,4,48,14,2,2,1,1
48,24,15,90,66,30,26,2,1,1
1,30,0,55,23,80,54,2,1,1
23,34,15,6,65,26,22,4,1,0
26,26,2,86,38,0,68,1,1,1
28,25,8,4,61,81,46,3,2,0
25,24,1,72,68,14,39,4,1,0
14,22,9,26,20,65,7,1,3,0
5,22,11,24,39,41,38,2,3,0
6,23,6,31,35,82,42,1,0,1
30,25,18,99,5,96,43,4,1,0
27,29,6,3,58,50,27,3,0,1
48,22,18,19,62,81,23,3,1,1
17,23,18,23,68,28,25,3,0,0
21,26,7,60,37,83,33,0,4,1
38,23,13,7,50,37,88,1,0,1
9,18,6,32,14,87,54,0,2,0
33,30,6,63,58,14,45,3,3,1
7,32,6,83,38,14,0,4,3,1
40,42,19,9,5,53,57,2,2,1
5,37,7,16,65,9,68,1,4,1
39,37,16,34,30,57,92,3,4,1
15,36,7,7,56,63,37,1,3,0
46,41,4,21,32,62,32,1,3,1
35,40,17,58,54,39,16,0,2,1
40,50,12,59,50,6,83,3,1,1
37,40,17,59,45,47,99,2,3,1
37,28,11,15,68,93,84,3,0,0
20,32,2,9,24,47,67,2,0,1
47,30,14,40,43,83,20,2,1,1
19,24,5,1,9,18,16,2,3,1
40,26,0,82,2,85,94,0,3,0
24,28,18,95,39,7,63,0,3,1
12,41,10,29,50,73,57,3,3,1
25,44,1,87,54,66,4,0,1,1
12,45,15,33,50,9,26,1,2,1
42,45,17,94,39,20,35,1,1,0
24,48,14,11,2,89,57,0,2,1
7,54,12,88,20,31,1,4,4,0
24,47,0,96,43,92,79,3,2,1
40,45,16,2,40,2,92,1,3,1
4,26,2,16,65,0,24,4,2,1
46,37,16,75,59,63,38,0,4,1
28,57,13,26,47,88,37,3,1,0
39,75,12,96,11,64,39,0,0,1
14,51,3,72,44,45,18,0,1,1
34,42,13,62,0,37,76,3,1,0
22,35,3,32,10,0,2,1,1,1
4,41,16,65,61,6,84,0,1,1
45,42,6,2,13,35,57,3,3,1
40,52,18,90,60,73,34,4,3,1
18,46,13,10,48,41,19,3,1,1
10,59,2,46,41,22,83,0,0,1
3,45,14,79,42,73,30,1,2,0
23,44,10,35,62,70,88,3,1,1
30,42,9,58,35,71,82,4,0,0
43,50,5,9,12,85,65,4,4,1
11,37,13,57,33,53,47,3,2,1
12,43,2,61,24,57,8,1,3,1
1,55,13,73,6,97,61,2,0,0
46,49,18,74,35,95,30,4,2,1
33,51,19,17,45,32,88,0,4,1
26,52,18,6,57,57,70,2,0,1
41,51,2,2,54,10,3,4,3,1
24,53,18,24,9,6,46,3,2,1
40,74,16,9,21,15,72,2,3,1
1,62,9,91,6,80,79,3,3,1
13,61,3,34,8,4,75,1,3,1
37,52,12,75,44,71,18,2,1,1
9,47,8,20,31,20,44,4,2,1
40,56,17,89,49,53,5,1,1,0
22,57,8,38,16,23,85,1,0,1
4,61,16,50,24,94,18,0,2,1
9,75,10,15,29,93,98,3,2,1
47,59,8,15,34,31,98,2,3,1
6,60,2,12,40,60,33,2,1,0
28,73,11,97,37,77,73,4,1,1
20,80,6,61,12,71,0,1,2,1
26,78,2,0,44,26,78,3,3,1
24,76,12,17,6,72,87,2,0,1
29,69,2,95,4,84,17,0,0,0
32,64,16,9,25,92,44,0,0,1
1,63,12,43,44,29,50,2,0,0
16,76,17,32,27,52,13,1,0,1
6,66,10,54,39,36,64,0,4,1
18,66,13,20,12,29,7,1,3,1
15,72,3,24,67,85,15,1,1,1
7,80,5,28,11,2,56,4,2,1
5,76,18,68,27,39,36,1,1,1
17,80,5,94,44,46,6,4,2,1
38,78,18,49,62,18,48,1,0,0
2,94,7,4,8,5,2,2,4,1
40,87,2,5,40,76,8,0,1,0
6,91,16,74,40,87,33,4,1,1
44,69,0,25,67,12,42,0,0,1
37,60,7,88,23,95,21,2,3,1
17,57,3,83,41,16,59,4,2,1
39,56,7,14,54,8,43,4,0,1
8,66,14,62,60,96,30,4,0,1
47,72,0,5,66,91,97,2,2,0
41,69,11,99,13,77,94,2,3,1
1,82,10,58,64,99,44,2,0,1
13,88,17,13,69,57,16,4,3,1
3,81,9,18,58,43,68,1,3,1
22,92,3,21,35,23,42,3,2,0
9,92,3,76,20,82,6,4,3,1
23,83,13,28,3,10,67,1,0,1
34,84,14,86,50,93,91,2,2,1
36,72,16,8,28,77,92,4,2,1
49,64,14,25,42,29,59,4,4,1
46,64,19,32,43,42,16,3,0,1
29,62,12,30,27,18,98,1,4,0
28,76,15,91,16,13,10,2,1,1
30,65,8,86,34,9,20,4,0,1
12,62,13,17,15,7,52,0,2,1
39,72,1,78,55,64,9,2,4,1
16,71,17,92,39,56,11,4,4,1
17,89,3,25,7,79,74,3,4,1
16,85,7,20,21,35,67,2,4,1
33,77,9,48,50,76,30,3,4,1
28,84,4,48,68,20,51,1,4,1
15,68,4,4,9,4,71,2,3,1
22,66,17,20,41,49,11,4,4,0
7,73,0,93,43,8,26,1,3,0
4,80,8,92,46,41,73,1,2,0
40,68,4,97,42,73,12,0,0,0
44,66,4,40,67,69,75,3,1,1
14,68,18,17,61,75,83,2,3,1
37,66,10,15,15,60,90,2,3,1
11,70,13,33,46,64,78,4,4,0
11,79,7,44,41,48,9,1,2,1
49,72,7,48,34,94,40,3,0,1
35,74,7,20,32,59,66,2,4,0
36,70,5,50,57,65,48,0,0,1
9,66,16,59,54,51,6,0,2,1
32,82,0,86,23,16,57,2,3,0
10,77,16,74,32,46,57,1,2,0
43,90,17,4,64,15,62,0,4,1
47,87,11,22,48,1,61,1,4,1
34,72,7,11,37,6,51,1,3,1
22,63,18,75,3,82,93,4,2,1
12,59,11,71,42,95,99,1,1,0
7,60,11,72,49,72,1,4,1,1
21,55,18,54,43,61,16,1,0,1
7,58,1,99,6,77,8,2,4,1
5,58,6,7,3,68,54,0,2,0
39,57,11,69,25,14,77,4,2,1
28,58,3,89,35,83,88,0,3,1
25,56,19,88,11,77,94,2,1,1
48,56,7,2,24,34,64,4,1,1
18,57,13,0,19,25,23,4,3,1
5,70,8,4,69,80,15,4,3,1
29,60,3,84,17,94,67,2,2,1
27,58,10,91,53,49,39,2,3,1
40,58,19,93,31,30,62,2,2,1
29,59,2,48,4,37,47,4,3,1
5,59,3,69,21,19,54,1,4,1
0,54,19,36,44,1,66,3,4,1
18,59,2,89,21,90,94,4,4,0
45,68,5,91,30,86,6,1,1,1
24,66,3,12,68,89,78,2,3,1
40,66,11,85,66,50,60,1,2,1
32,62,0,7,54,91,16,4,0,1
31,61,10,88,25,54,13,3,4,1
1,58,19,24,29,92,23,3,0,1
26,55,11,88,22,50,76,3,1,1
2,61,17,51,67,30,42,0,4,0
9,59,17,68,32,53,87,1,4,1
32,62,5,18,30,99,12,0,3,1
24,62,7,22,37,8,67,3,2,1
13,60,15,60,44,65,96,4,2,1
30,70,14,52,66,25,49,2,4,1
41,72,5,80,69,3,15,1,0,1
39,65,17,96,27,62,21,3,1,0
10,60,7,70,21,29,42,1,0,0
44,58,2,19,68,82,9,1,3,0
6,59,10,11,15,87,69,3,0,0
21,51,17,67,18,7,1,2,1,1
43,51,16,71,5,53,48,3,1,0
43,47,8,77,0,83,98,4,1,1
0,44,19,2,53,87,74,1,2,0
33,48,10,2,57,86,91,3,4,0
17,54,11,49,35,71,29,2,1,1
47,50,11,30,16,83,88,0,4,1
36,49,10,40,49,28,5,2,3,1
5,48,6,29,61,63,9,2,1,0
32,49,0,58,6,77,35,1,0,0
40,48,12,80,64,2,83,4,0,0
43,50,4,18,22,20,14,4,0,0
15,49,18,80,0,35,16,2,3,1
23,55,9,59,68,52,70,0,1,0
45,51,12,60,65,6,1,4,1,1
23,55,18,42,41,23,81,1,1,0
49,56,9,26,43,64,38,4,4,0
11,59,17,45,18,33,87,1,2,0
19,59,6,27,49,57,18,0,2,0
42,63,0,60,28,61,72,2,3,1
29,71,10,68,65,34,0,3,4,0
36,67,17,81,66,23,57,1,0,0
27,59,3,18,33,43,59,1,1,0
6,66,13,72,29,10,13,1,3,1
38,60,15,86,44,13,52,2,4,0
13,58,3,32,40,73,93,3,3,1
34,67,8,53,7,69,1,2,2,1
1,64,10,85,34,5,82,3,1,1
45,51,17,12,40,52,16,4,4,1
3,52,7,16,5,88,71,0,0,1
35,50,2,24,5,85,11,0,2,1
7,50,0,50,14,49,42,2,4,1
36,54,10,99,16,3,39,2,2,1
34,58,7,95,22,6,37,0,3,0
14,56,9,49,55,78,76,0,2,1
3,61,5,42,13,95,65,1,1,1
47,56,14,26,2,51,25,4,1,1
18,53,2,70,3,8,34,0,3,1
14,52,14,40,56,88,20,4,0,1
33,54,3,97,67,45,71,0,0,0
4,61,17,96,64,79,63,2,1,1
16,60,9,29,17,79,80,2,2,1
49,60,10,58,38,46,32,1,2,1
0,50,17,61,26,75,13,1,2,0
21,51,16,84,65,87,30,0,1,1
0,51,14,89,50,46,40,1,1,1
15,31,4,66,4,4,93,0,1,0
0,33,3,58,39,25,89,4,1,1
2,34,14,5,30,36,40,1,1,1
42,37,15,63,31,14,91,2,2,0
45,54,0,5,43,20,96,1,1,1
43,80,13,12,38,93,82,3,3,1
39,84,14,21,63,82,93,2,3,1
46,76,4,97,37,78,31,4,0,0
46,52,11,6,55,29,89,2,1,1
6,55,15,13,22,79,97,0,0,1
23,57,11,20,28,81,75,4,1,1
34,70,9,19,65,65,86,2,0,1
47,74,3,41,32,74,12,3,4,1
41,73,8,7,49,91,91,2,0,1
17,68,18,74,1,60,85,2,2,1
19,83,14,81,1,3,4,1,3,0
26,70,19,69,48,61,77,1,3,0
21,64,9,24,3,74,38,4,2,1
1,62,5,37,50,16,90,2,4,1
0,59,12,92,34,61,48,3,4,1
41,57,8,53,61,75,80,4,3,1
19,63,18,15,56,69,82,0,3,1
6,63,5,98,66,66,62,2,2,1
12,65,17,23,28,33,53,0,1,1
9,56,11,76,33,88,59,2,3,1
43,49,8,18,68,30,94,1,0,0
3,54,19,99,24,84,39,1,0,1
22,58,5,26,16,18,19,0,1,1
33,75,8,49,25,25,17,1,3,1
13,79,6,31,61,45,60,2,3,1
19,94,1,74,54,34,42,0,3,1
33,75,5,66,69,73,12,0,3,1
0,68,4,58,6,78,85,1,1,1
16,68,1,88,57,37,24,2,2,1
0,88,0,25,68,58,90,4,1,0
15,90,16,84,56,26,2,2,2,1
33,87,18,21,41,7,83,3,4,0
42,100,18,24,23,5,28,0,2,0
