Temperature,Humidity,Wind_Speed,Pressure,Weather_Events 
10,84.5,0,1015.67,1
7.4,92,2.98,1017.8,0
7.17,87,4.63,1018.67,1
8.67,71.33,1.23,1017.17,1
6,86.83,3.7,1016.5,1
7,82.8,1.48,1018,0
7,78.6,6.3,1020,0
8.86,63.71,7.14,1018.71,0
14,51.25,12.5,1017,0
11,62,7.4,1015.67,0
15.71,51.29,10.57,1016.14,1
14,74,13.23,1015.57,0
15.83,75.17,4.63,1013.33,1
12.83,88.17,0.62,1015.17,1
14.71,71.86,0.53,1015.86,1
13.83,86.67,0,1016.67,1
16.5,80.83,5.25,1015.83,0
13.83,92.17,8.95,1014.5,0
12.5,76.67,5.88,1021.67,1
11.29,75.29,8.47,1020.29,0
11.2,77,2.22,1021,0
9.5,79.67,3.08,1021.8,1
14,60.17,4.02,1020.5,0
13.83,60.67,6.17,1020.5,0
12.25,67,5.55,1020.75,1
12.67,64.17,6.8,1019.67,0
12.86,65.57,5.56,1018.14,1
14.83,56,3.7,1017.83,0
14.13,65.5,3.24,1016.63,0
14.71,70.43,1.06,1017.86,0
16.2,65.6,2.96,1018.4,1
16,73,2.22,1016,1
16.29,77.57,1.33,1017.14,1
18,65.57,1.86,1015.29,1
17.43,74.29,11.11,1014.57,1
16.63,92.38,9.73,1016.38,1
16.67,71.33,8.63,1018.67,0
15.6,59.4,10.74,1018.6,0
14,70.43,9.26,1017.14,1
15.43,61.29,9.26,1016.86,0
15.25,71.5,3.48,1017.13,0
15.88,70.5,5.33,1016.5,0
15.33,70.33,7.42,1017.5,0
16.29,70.14,6.09,1016,0
17.33,63.83,4.33,1014.17,1
19.17,65.33,10.18,1011.67,1
14.43,92.71,8.49,1008,1
13.67,90,0,1012.67,1
15.6,78.4,12.22,1016.2,0
15.86,82,5.81,1015.71,1
17.71,74.71,5.81,1017,0
20,67.29,6.61,1015.43,1
20.5,65.63,10.88,1016,1
17.43,74.86,9.26,1017,1
16.86,78.86,7.4,1018.86,1
16.88,72.88,4.64,1018.25,1
17.86,70,17.59,1015.14,0
20.8,57.2,6.66,1015.2,0
19.43,52.86,12.96,1017.43,0
17.33,49.33,24.07,1016.33,0
19,54,15.73,1016.25,0
19.33,62.83,8.63,1016.17,0
17.6,71,5.56,1015.8,0
20.88,61.88,4.16,1016.38,1
20.86,65.29,6.87,1015.71,0
23.43,57.14,8.73,1015.29,0
24.17,44.83,7.1,1014.83,0
25.43,49.71,5.29,1009.29,1
23.14,57.57,4.23,1008,1
24,66.33,0.93,1011.17,0
23.5,62.5,4.93,1011.5,0
21.5,70.5,5.55,1009,0
22.33,61.17,12.03,1013.17,0
24.17,45.83,7.72,1016.17,1
20.33,67.67,3.7,1016.17,0
22.67,58.67,8.95,1015,0
23.43,58.14,17.46,1009.43,1
22.5,73.67,10.48,1011,0
29.17,36.33,6.8,1009.5,1
23.83,58.5,10.5,1008.33,1
25.25,50.25,9.71,1006.38,1
27.38,50.13,9.95,1007.63,0
27,48.75,10.89,1010.25,1
23.5,45.5,15.96,1010.63,1
24.14,44.57,12.96,1008.86,1
21,62,1.85,1009,1
22.43,62.71,7.41,1009.57,0
21.25,70.38,5.55,1009.75,1
23.5,54.75,11.11,1008.63,0
23.2,58,6.66,1008.6,1
25.38,45.5,4.4,1008.5,0
25.17,51,8.65,1009.5,1
26.2,45.6,8.14,1009,0
24.6,41.8,11.12,1007.8,1
25.6,31,15.56,1007,0
25.86,29.86,11.9,1006.14,0
29.14,23.29,10.31,1005,0
28.71,33.86,5.3,1006,1
30.17,30.5,8.65,1005.33,0
30,28,6.1,1006.71,0
30,24.2,7.78,1006.4,1
28.86,32.57,6.34,1007.57,1
30.2,29.2,10,1008.4,1
28.25,39.38,6.49,1007,0
28.25,41.38,6.25,1003.88,0
32.13,24.63,10.43,1000,0
29.2,24.2,6.66,1002.2,1
30.29,30.29,4.76,1002.86,0
28.29,31.29,3.97,1002.57,1
30.63,29,7.64,1003.38,0
27.67,38.67,13.88,1006.83,0
27.38,45.38,7.65,1010,0
28.63,44.13,4.63,1009.88,0
30.29,41.71,2.11,1008.57,1
31.14,38.29,3.7,1007.71,1
29.88,45.88,6.71,1008.38,0
31.14,31.43,13.49,1007,0
30.57,28,12.97,1005.43,0
32.13,26.38,7.88,1004.88,0
31.14,32,7.93,1004.86,1
31.86,15.86,12.69,1002.83,1
29.83,22.17,11.43,1001.2,1
28.57,31.57,9,999.43,0
32.86,31.43,2.91,999,0
32.63,31.13,3.01,1000.63,1
32.75,39.25,3.7,1001.63,1
32.88,33.25,7.18,1002,0
34.5,23,9.25,1001.17,0
34.29,26,8.99,1000.86,1
34,27.71,9.53,1000.14,1
30.75,30.38,14.81,999.88,1
29.86,40.14,5.83,1003.71,0
31.71,34,3.97,1003.57,1
32.29,34.29,4.77,1001.57,1
33,33,3.24,999.86,1
33,34.75,7.18,998.5,0
32.83,28.17,9.87,1000.33,1
31.4,42.2,12.97,999,1
35.33,22.33,15.75,999.67,0
36.4,24.2,7.4,998.4,1
36,19,11.37,998.67,1
36.75,22.13,17.59,998.63,1
37.5,23.33,13.57,997.17,1
38.43,27.43,11.39,996.43,0
38.71,22.43,10.31,998.14,1
37.8,21.2,10.74,998.2,0
35.86,31.57,8.73,999.14,0
35.33,29,8.33,1000.17,0
34.14,27.86,5.56,999.43,1
32.2,28.2,5.56,999.6,0
33.63,40.13,10.64,998.71,0
32,54,13.44,998.75,0
32.4,56.6,14.2,1001,0
35.6,47,12.24,999.6,0
35.86,42.57,5.03,999.86,0
37.17,36.5,9.87,998,1
31.29,61.71,10.04,997.29,1
34,49.25,7.41,998,0
34.2,57.4,13.34,997,0
36.17,40,11.42,995.17,1
36.63,42.75,8.1,995.13,0
30.17,61.67,16.35,1000,1
34.14,54.14,7.41,998,0
29.83,68.67,9.87,998.67,0
30.14,68.14,7.94,997.43,0
30.71,65,13.23,997.86,0
27,88.86,8.49,996.43,0
26.88,87.38,8.34,994.75,1
28.4,83.6,5.18,996.4,1
29.86,72.86,4.23,999,1
33,52.71,4.77,997.17,1
34.83,47.33,5.87,995.33,0
35.6,39.4,10.74,996.2,1
35.17,53,8.35,995.67,1
33.14,55,13.23,996.29,1
30.57,70.43,11.11,999.17,0
30.67,71.5,6.48,999,0
31.43,61.86,7.96,996.71,0
31.5,64.25,8.81,996,0
33.25,57,13.88,995.25,0
32.83,52.17,10.5,997.17,0
33.86,54,8.73,996.43,0
33.14,58.29,9.8,996,0
31.57,70,6.36,997.57,1
32.38,67.5,9.25,997,0
32.8,62.2,12.96,997.8,0
31,73.14,11.37,1000.57,0
31.17,77.33,7.1,1000.17,0
29.83,75.17,6.48,997.5,0
29,78.83,8.02,996.83,1
29.75,75.38,6.49,995.75,1
32.5,65.5,7.12,997.33,0
28.88,86.63,5.56,1000,0
31.75,70.25,12.06,998.88,0
30.75,71.63,4.81,997.38,0
31.75,73.25,13.54,998.38,1
29.88,83.88,9,999,1
31.13,78.38,8.65,998,0
31.75,76,5.55,995,1
30.5,73.5,9.27,995.33,0
26.83,90.67,4.93,999.17,1
28.2,88,2.24,996.4,0
29.5,80.33,4.33,996.83,1
31.86,70.71,3.97,998,0
29.71,84.14,3.97,997.14,0
28.33,84.5,8.02,995.17,0
30,73.86,5.57,995.43,1
30.14,79,4.23,997.29,1
32.29,67.43,6.09,998.14,1
31,77.43,4.77,997.14,0
30.5,75.67,8.02,996.5,1
28.83,78.5,9.87,996.67,0
30,73.5,5.55,998,0
31.57,66.43,11.11,999.43,1
32.5,62.33,10.82,1000.83,0
32.5,62.5,5.1,993.25,1
29.5,77,6.78,1001,0
27.17,90.67,4.02,1002.17,1
28.38,85.25,3.25,1001.88,1
28.5,84,6.17,1000.5,0
27.17,87.5,3.72,1001,0
29.43,79.86,6.1,1000.33,0
30,76.83,6.8,1001.17,0
29.5,81.5,8.35,1001,1
30.75,72,11.13,999.25,0
29.67,74.33,9.87,999.83,0
27.71,85,8.2,1001.71,0
26.6,92,4.46,1000.8,1
27.43,91,14.29,999.43,1
28.33,83.83,1.23,1000.17,1
28.17,84.67,5.55,1000.5,0
27.38,88.5,5.33,999,1
28.33,81.17,10.31,999.29,0
29.17,74.83,6.48,1001.17,1
31.29,73.14,2.64,1001.43,1
32,71.25,18.53,1000.33,0
29,90.75,0.93,998.75,0
32,69.88,6.48,997.86,1
32.14,57.29,17.07,999.86,1
30.14,60.71,11.64,1003.71,1
31.5,57,9.28,1003.25,0
29.17,73,3.1,1003.5,0
29,71.75,4.65,1003.25,1
30,65.2,11.48,1003.2,0
31.86,50.86,15.34,1003.71,0
32.75,45.5,14.8,1001.5,0
31.71,48,14.54,1002.17,0
31.67,46,13.57,1001.5,1
30.57,55.71,10.04,1003.43,1
30.83,51.83,6.78,1004.17,1
28,71.75,2.33,1007.25,0
31,57.5,42.22,1007,1
29.67,66.33,3.7,1005.33,1
30.86,61.14,3.97,1005.57,0
31.17,60.33,2.78,1008.17,1
31.14,67.14,3.17,1007.14,0
30.5,67,2.78,1003.83,1
31.63,56.38,3.94,1001.38,1
29.67,60,7.1,1002.33,1
29.25,56.5,3.48,1002.88,0
29.14,58.57,5.56,1003.14,1
29.8,61.6,2.96,1001.8,0
28.67,70,9.58,1003,0
25.2,89,5.18,1003,1
28.33,79.67,3.08,1001.67,0
30.29,68,4.5,1001,0
30.75,65.75,5.79,1002.75,1
28.57,75,6.61,1005.43,1
28.2,78.8,4.08,1006.6,0
29,71.25,7.41,1005.63,0
30,67.33,1.23,1005.33,1
28.14,79.86,5.56,1003.86,1
26.86,84.57,4.23,1004.71,1
28.29,68.71,6.37,1007.71,0
29.2,61.4,7.42,1010,0
28.6,59,7.4,1008.6,0
24.83,84.33,6.78,1007.5,1
28.5,69,2.09,1004.13,0
29.75,66.5,1.85,1005.25,0
29.71,66.57,1.59,1008.86,1
29.2,69.4,0,1009.8,0
30.83,65.5,5.57,1010.33,1
29.43,66.29,3.97,1010.86,0
23.86,89.86,4.24,1010.57,0
26.14,82.57,2.91,1008.29,0
27.17,84.33,0.62,1007.67,0
27.71,74.86,5.56,1007,1
25.86,76.43,3.7,1009.14,1
26.43,75,0,1009,1
26.86,76.71,1.06,1010.43,1
26.33,73.17,0,1010.5,1
24.57,69.57,2.11,1011.57,0
24.33,67.83,1.55,1010.67,1
24.88,63.63,1.39,1009.88,1
27.8,53.6,0,1011,0
25,67.5,1.16,1013.63,0
23.86,73.14,1.06,1013.29,1
22.8,75.8,1.86,1011,0
23,78.2,0.74,1011.2,1
22.88,66.88,2.55,1010.63,1
22.67,63.17,4.93,1010,1
23,62.71,3.97,1011.14,1
22.86,67.43,2.39,1012.86,1
23.67,58.83,3.08,1012.83,0
23.43,69.14,1.06,1013.29,0
21.63,65,4.64,1014.5,1
20.63,57.88,5.56,1016,1
21.17,54.17,2.47,1017.5,1
18.83,74.33,0,1017.5,1
20.57,66.71,3.19,1015.86,0
20.14,73.14,4.5,1015.67,1
18,82.2,19.91,1015.63,0
19.86,73.57,0.53,1016.71,1
16.83,72,2.47,1016,0
18.86,61.86,5.81,1013.43,1
16.57,71.71,0.8,1013.86,0
17.75,65,3.01,1014.25,1
17.63,63.38,3.48,1015.25,0
17,67,0.93,1016.5,1
16.63,69.63,0,1018,0
15.57,67.43,2.39,1017.71,0
18.5,55.13,7.41,1016.88,1
17.88,63.5,7.18,1015.5,0
18.25,58.88,2.55,1012.75,1
17.88,66.25,2.09,1013.13,0
17.63,74.88,1.16,1015.75,0
18.14,77.86,0.8,1014.57,0
19.13,58.88,5.09,1014.5,0
21.25,49.88,9.5,1012.88,0
21.25,51.38,9.75,1011.75,0
19.13,68.5,2.79,1014.75,1
18.63,71.88,1.85,1017.75,1
17.75,66.63,4.86,1016.88,1
17.88,69.63,11.81,1015.88,1
18,65,1.59,1016.14,0
17.25,73.25,1.85,1015.88,0
17.5,73.5,1.39,1016.75,1
17.14,71.86,4.23,1017,0
17.14,69,6.89,1015.29,0
16.13,72.38,3.71,1014,1
16,80.5,1.16,1014.25,1
16.5,83.63,0,1014,1
16.13,79.25,2.31,1013.5,1
15.5,81.75,2.55,1013.75,1
16.63,71.88,6.48,1014.13,1
17.75,62.38,16.9,1012.5,1
17.14,67.71,11.63,1012,0
16.14,79,0.8,1012.57,0
15.5,86.25,2.55,1015.13,0
15.25,89.5,1.16,1015.63,1
14.75,92.88,0.93,1014.25,0
14.88,93,2.09,1012.63,0
16.13,89.13,3.25,1012.88,1
15.38,91.38,4.41,1016,1
14.75,94,0.46,1017,1
15.25,94,1.39,1018.38,0
14.25,88.25,9.03,1020.5,0
13.5,84.75,5.79,1021.38,0
13.67,63.17,34.49,1020.63,1
12.13,67.63,4.4,1019.25,0
11.88,79.88,1.16,1018.63,0
10.88,70,5.33,1019.25,1
10.57,69.43,5.33,1018.5,1
12.38,79.5,6.48,1018.13,0
14.5,89.38,4.86,1020.5,0
13.38,89.63,7.65,1021,0
11,78.38,8.1,1020.25,0
12.5,74.88,5.33,1017.75,1
12.88,88.13,1.16,1016.25,0
12.38,89,0.46,1014.5,1
11.43,86.29,27.34,1017.63,0
12.14,72.29,20.6,1017.75,1
11.88,76.88,1.85,1017.88,1
12.83,83,1.23,1017,0
12.38,85.38,0,1016.63,0
12.13,82.63,6.73,1019.63,0
12.88,80.88,3.25,1020.75,1
14,72.38,1.16,1019.38,1
14.88,76.75,2.79,1017,1
12,93.5,0.46,1019.75,0
12.29,90.57,1.59,1019.57,1
12,95.75,1.16,1017.63,0
12.5,94.25,1.85,1020.25,0
14.5,84.5,3.48,1023,0
14.63,83.5,4.41,1021.38,0
13.57,96.86,7.17,1020.57,1
15.25,96.13,6.71,1019.88,1
15.63,90.13,6.71,1020.25,0
13.88,88.88,8.11,1019.25,0
11.75,95.63,8.34,1019.75,0
14.38,85.75,8.81,1019.13,0
16.63,72.38,9.95,1018.75,1
16.63,69.88,7.41,1016.75,1
14.88,81.88,4.63,1018.63,0
14.5,83.25,0.93,1019.38,0
14.75,82.5,3.01,1019.25,0
14,79.38,2.55,1019.75,0
15.25,76.13,1.85,1016.88,0
18.43,63.86,12.29,1014.13,0
18.86,65.43,13.43,1011,0
17,72.75,1.63,1011.5,1
18.5,65.38,6.01,1010.88,1
19.63,67.25,15.05,1009.25,0
13.63,85.38,8.11,1011.38,1
12.88,63.38,9.26,1012,0
12.63,61.75,3.7,1012.5,0
13.38,64.63,3.7,1013.5,0
13.25,67,9.26,1013.5,1
15.25,64.5,4.88,1013.63,0
13,95.5,5.34,1011.88,1
12.38,89.5,3.94,1012.88,1
13.5,79,8.79,1016,0
15.13,66.13,12.73,1017.75,0
15.25,60.13,8.8,1017.38,0
15.13,75.38,1.85,1016.63,0
16.13,78.63,1.86,1014.75,0
17.13,72.25,8.79,1014.25,0
16.63,85.63,6.25,1017.38,1
16.5,80,7.89,1019.38,1
16.38,69.38,5.34,1018.63,0
18.13,69,0.93,1017.25,0
18.75,71.13,2.09,1014.25,0
18.63,76.63,7.18,1013.13,1
15.63,88.38,5.8,1013.13,0
16.14,87.29,4.24,1015.29,0
16.13,79,5.79,1017.13,1
17.88,65.63,3.7,1016.25,1
18.75,66.38,3.71,1016.5,1
18.88,67,5.33,1016.13,0
18.38,64,4.64,1016.38,1
18.5,62.88,6.71,1017.13,0
19.88,63.88,9.96,1017,0
22,56.63,7.65,1014.5,1
20,63.88,10.89,1014.38,1
20.71,70,15.6,1013.71,0
20,68.88,6.49,1016.25,1
19,60.63,9.95,1016.25,1
19.63,61.25,5.8,1015,0
21.63,62.63,2.79,1016.38,1
23.13,58.5,6.25,1015.38,0
26.25,52.13,6.71,1011.25,1
24.86,53.43,9.8,1012.86,0
21.75,57.38,10.19,1013.25,1
21.5,55,7.4,1010.75,1
22.5,64.75,5.34,1007.13,1
25,59.5,3.01,1007,1
22.75,61.88,9.03,1010.63,0
22.38,73.13,9.49,1011.63,0
24.63,60.25,2.78,1010.5,0
25.13,58.88,2.78,1010.63,1
23.5,63.25,4.89,1011.75,0
24.43,67.57,4.5,1011.14,1
25.88,55.63,8.35,1011.25,1
24.13,46.75,13.9,1009.88,1
24.13,44.13,13.2,1008.25,0
24.88,45.75,9.71,1006.13,0
26.75,43.38,7.18,1005.75,1
25,48,10.43,1010.38,1
25.86,47.86,11.91,1009.86,1
27.38,44,9.26,1008.88,0
30.13,45.25,6.71,1007.5,0
27.25,47.63,12.96,1009.63,1
25.75,41.88,12.73,1010.38,0
25.75,35.25,12.74,1010.25,1
26.38,29.25,12.5,1010.88,0
28.14,29,10.06,1008.57,1
29.13,39.88,5.1,1007.13,0
26.88,40.38,15.51,1009.63,0
27.63,46.63,5.35,1010.63,1
29,48.13,2.55,1009.13,0
27.13,53.63,4.4,1008.25,1
26.38,49.63,9.25,1007,1
24.25,64.38,14.34,1011.63,1
25.63,57.88,5.1,1011.38,0
27,48,4.64,1010.5,1
28,33.13,8.81,1010,1
29.38,29.38,12.5,1011.75,0
29.13,37,6.03,1009,0
29.38,35.88,7.88,1005.88,0
30.63,34.38,8.11,1006.13,0
31.5,32,8.11,1006.38,1
30.63,30,8.35,1007.13,0
31.5,27.88,10.19,1005.63,1
32.13,28.88,8.33,1003.88,1
33.25,25.5,5.34,1003.75,0
34.88,22.5,9.74,1001.5,0
34.38,24.75,6.49,1001.88,0
31.75,33.38,6.48,1003.63,0
31.88,34.38,5.8,1003,0
29.75,53.25,9.04,1005.75,1
29.57,51.14,6.89,1006.86,0
31.75,48.63,1.85,1004.25,1
31.38,43,10.66,1002.63,1
30.5,39.63,6.49,1000.43,1
30,37.63,7.89,1000.75,0
29.63,40.38,7.65,1004,1
28,53.38,10.89,1004.88,0
25.25,65.75,9.96,1008.38,0
26.88,55.25,8.58,1006.5,1
29.5,39.88,11.13,1004.25,0
31.13,40.25,9.49,1003.5,1
29.88,47.63,7.18,1007,1
31.5,35.38,13.9,1007.38,0
32.38,29.5,11.58,1006.63,0
31.13,34,7.64,1006.63,1
33,32.5,9.71,1002.13,1
33.25,33.38,11.11,999.5,1
34.63,32.75,19.45,1000,0
31.5,50.5,6.73,1004.13,0
31.5,43.25,16.44,1005.5,0
30.13,54.13,4.18,1007.13,0
31.88,49.75,2.55,1004.75,0
33.63,44.5,3.95,1001.25,0
35.25,40.13,4.4,999.38,0
33.13,44.5,11.59,999.57,1
34.63,39,6.49,999.63,1
32.75,34.25,16.2,1003.25,0
32.75,41.38,4.64,1003.25,1
34.88,33.63,6.49,1000,1
35.25,33.13,7.19,998.13,1
36.88,26.88,8.56,996.13,1
37.5,27.63,10.2,994.88,1
38.5,22.75,13.19,994,1
37.63,26.25,6.73,993.13,1
37.88,32.13,6.03,993.13,0
37.25,20.88,12.04,994.75,0
37.63,23.13,14.81,995.63,0
32.88,39.25,24.33,997,1
30.25,55.13,16.66,997.63,0
30.5,66.88,6.49,997.38,0
33.88,52,8.1,997.13,0
36.38,41.38,10.89,995.63,1
36.88,42.13,15.96,994.13,1
33.88,58,10.43,994.25,0
35.75,47.88,10.89,993.25,0
38,36.13,17.83,991.38,2
36.88,40.13,9.74,993.88,1
34.5,46.75,4.4,996.38,1
32.13,49.75,6.71,996.25,0
33,46.25,10.19,995.5,0
32.25,53.25,13.2,997.63,0
32.5,60.38,3.24,1001,0
34.75,48.5,9.49,1001.63,0
34.88,49,5.79,999.38,1
33,57.75,9.71,997.75,0
32,67.75,3.25,997.5,1
31.38,65.13,6.25,1000.88,0
29.5,71.38,5.79,1001.13,1
28.88,75.13,5.09,998.29,0
31.39,69,4.33,998.78,1
34.71,52.06,9.2,1000.71,0
30.63,61.13,3.71,1000.5,0
34,48.75,5.56,998.25,0
35,39.5,9.73,996.88,0
36,37.13,13.65,996.5,1
36.13,38.75,11.34,996.88,1
36.63,38.63,8.79,996.13,1
35.88,51.38,5.34,996,0
31.63,69.75,6.03,998,1
32.38,67.88,6.73,997.13,1
33.13,62.63,8.83,996,1
32.63,63,10.45,997.25,1
30.75,74.25,6.73,996.13,1
27.25,83.88,2.55,994.88,0
29.88,71,6.25,995.13,0
30.88,68.88,6.26,996.75,0
32.13,65.5,4.65,996,0
31.63,69.75,7.18,997,0
30.63,72.88,8.11,997.75,1
30.5,63.63,12.04,998.71,1
30.75,63.25,9.96,1000.75,1
32.5,61.5,7.18,1001.88,0
31.71,65.43,6.25,1001.88,0
30,75.75,18.05,999.38,0
30.25,69.88,5.79,999.25,0
31.88,65.75,4.18,999.57,1
32.5,65.75,7.43,999.63,1
33.25,59.5,6.5,998,0
30.13,77.75,0.93,997.13,0
31.5,66.25,5.79,995.38,1
30.5,69.75,5.1,996.13,1
29.75,77.5,1.85,997.5,0
32.13,65,5.56,996.88,1
31.13,65.38,6.95,997,0
31,67.88,6.01,998.38,1
29.24,80.47,6.65,1001.65,1
28.5,89.91,5.23,1002.16,1
31.13,72.13,3.01,999.88,0
32.13,57.5,8.34,998.75,0
32.13,57.71,20.83,998.25,0
30.38,57.5,18.51,997.38,0
31.13,54.88,14.59,998.88,1
30.43,59.86,8.35,1002.5,1
31.38,53.88,7.19,1003.25,1
31.88,56.63,5.56,1005.38,0
33,52.43,6.89,1004.86,1
33.25,47.13,8.79,1002.38,1
32.5,43,10.89,1001.25,1
33,47.13,8.56,1002.86,0
33.13,45.75,9.26,1003.25,1
33.13,46.25,11.35,1002.88,1
33.88,46.63,7.88,1002.38,1
34.13,40.25,9.96,1001.38,1
33.86,44.71,8.11,1001.13,1
29.63,67.75,6.73,1003.75,1
30.38,69.25,3.7,1003.5,0
28.63,78.13,4.16,1002.63,0
27.63,86.13,4.41,1001.25,1
29.43,65.86,15.51,1001.13,0
29.25,71,10.43,1001.88,0
28.63,77.88,15.04,1001.43,0
27.88,80.75,9.28,1000.38,0
26.5,85.75,8.34,1000.14,0
28.5,76.88,2.09,1002.38,1
31,67.63,1.4,1003.25,1
31.25,66.38,3.48,1003.13,1
31,70.13,1.85,1002.38,1
28.75,77.5,4.88,1003.25,1
26.57,85.71,17.83,1005.57,1
28.5,73,1.63,1005.13,0
29.38,68.25,4.16,1004,1
29.13,65.5,6.71,1004.25,0
29.63,63.13,6.71,1004.25,1
30.63,65.13,6.25,1002.25,1
30.63,61.88,7.4,1002.13,0
30.5,62.38,6.71,1003.88,0
31,56.63,4.18,1003.5,0
31.13,55.75,4.4,1002.88,1
30.5,54.88,5.56,1003.63,1
30.63,50,13.44,1004.5,0
31,47,30.69,1004.29,1
29.63,53,8.1,1006.25,1
30,52.5,9.73,1007.75,0
30,52.5,5.79,1008.13,0
30.5,46.88,8.8,1009.25,1
30.25,48.88,7.18,1009.63,0
30.5,48.75,7.41,1009.13,1
30.63,50.13,6.71,1009.63,1
30.43,52.86,3.17,1010.43,0
30.38,53.38,2.79,1009.13,1
30.5,52.63,1.85,1008,0
31,53.5,0,1008.5,0
30.63,56.13,0,1010.38,1
30.63,56.75,0,1010.13,1
31,59.38,1.16,1008.38,1
28.75,52.75,3.71,1009.88,0
27.63,49.88,3.24,1010.13,1
27.13,57.38,3.24,1008.75,1
25.71,57.14,6.94,1008.25,1
26,58.63,0.46,1008.38,0
27.63,59.75,8.8,1009.88,1
24.5,67.63,5.33,1010.88,1
24.5,68,3.26,1013.38,1
23,58.88,4.86,1014,0
25,47.67,25.01,1013.63,1
24,56.14,21.3,1012.88,1
23.75,57.75,4.16,1012.63,0
24.75,55.63,4.4,1013.13,1
25.63,56.13,2.09,1014.63,1
25.75,64.88,0.46,1014.5,0
25.25,66,0.93,1012.75,0
25.5,67.5,1.85,1011.75,0
25.25,67.13,0.93,1012.38,1
25.13,65.5,2.09,1014.88,0
24.88,62.88,1.86,1013.75,1
25.13,64.75,2.56,1012,0
24.75,65.75,1.63,1012.13,1
23.88,61.38,1.85,1014.5,1
23.38,58.25,3.71,1013.63,0
22.5,50.88,5.33,1014.13,1
22.88,49.13,7.19,1014.5,0
23.38,52.75,4.16,1013.5,1
23.63,56.63,3.94,1012.13,1
22.75,56.25,4.63,1012.38,0
23,56.25,6.25,1011.63,0
24,66.13,2.31,1012.88,1
23.88,66.25,1.63,1014.63,1
24.13,56.38,4.16,1015.13,0
21.38,52.13,3.48,1014,0
19.25,55.13,2.33,1014.75,0
19.63,52,2.31,1015.88,1
18.5,50.5,3.24,1016.5,0
18.38,43,7.41,1016.38,0
18.63,44.75,2.78,1014.88,0
18.25,47.63,2.55,1015.38,0
17.75,51.75,2.78,1016.13,0
17.63,53,2.09,1017.88,1
17.5,58.13,1.16,1016.5,0
20.38,54.63,3.03,1013.38,0
18.25,62.13,3.24,1012.75,1
19.88,58.88,1.63,1011.38,0
17.13,57.38,1.39,1014.63,0
16.88,52.25,4.18,1016,0
16.5,51.5,2.55,1014.88,1
19.63,51,5.55,1009.88,1
18.13,63.88,0,1011.75,0
19.38,67.38,0,1012.5,1
20.25,67.63,0,1012.38,0
19.75,54.75,2.55,1014,0
20,42.63,8.8,1013.75,0
21.38,47.63,7.88,1012.75,0
25,66.57,11.37,1007,1
21.25,68.88,4.86,1010.38,1
17.75,59.88,2.55,1017.13,1
18.25,48.88,4.86,1016.38,1
17.25,48.38,4.86,1014.75,0
17,49.88,2.78,1015,0
15.29,67.57,0,1016.86,0
21.5,65.5,4.86,1010.5,1
19.63,70.5,3.25,1011.63,1
17.5,65.63,0.46,1014.38,0
16,71.88,8.8,1016.13,1
16.88,86.63,3.95,1014.5,1
16.63,75.75,2.33,1016.13,1
17.75,72.38,7.43,1017.38,0
12.88,72.13,6.49,1020.25,0
11.75,79.75,3.01,1021.38,2
11.75,81.75,0.46,1022.13,0
11.25,77,5.8,1018.75,0
9.5,79.13,0.93,1018,1
9.38,85,1.39,1017.13,1
9.63,78.63,1.63,1017.88,0
9.88,83,3.48,1021.25,1
9.25,81.13,8.1,1020.13,0
10.75,77,7.64,1017.75,0
10.38,69,2.78,1018.63,0
9,86,0.7,1019.75,0
11.13,72.63,1.39,1017.25,0
11.63,70.63,2.55,1014.63,1
12.38,67.13,2.79,1016.88,0
14.75,72,0.93,1017.5,1
14.88,96.63,3.01,1017.88,1
15.13,92,0.93,1017.38,1
14.13,78.75,9.51,1019.63,1
14,69.38,15.05,1016,1
12,79.88,4.4,1015.5,1
9.63,86,3.94,1016.63,0
10,87.88,3.49,1019.13,0
10.63,80.63,1.63,1020.13,0
11.13,73.13,4.41,1018.88,1
11,80.75,4.86,1019.13,0
10.63,79.5,0.93,1019.5,0
12.25,77.88,4.88,1017.13,0
12,82.25,5.1,1017.5,1
12.38,79.13,0.93,1019.38,1
13,78.13,4.64,1019.25,1
13.5,76.63,1.86,1019.25,1
13,73.88,2.55,1018.75,1
13.75,78,1.85,1018.88,1
13.38,74.38,7.19,1020,1
13.25,73.38,3.7,1021,1
12.63,94.13,3.24,1020.63,0
14.63,85,1.16,1020,0
12.38,86.25,9.74,1020.75,1
13.25,77.75,4.16,1020.38,0
13.75,88.13,0.93,1019.88,1
13.25,74.25,5.34,1019.33,0
11.71,67,27.78,1018.25,0
11.5,67.5,3.94,1019.75,1
12.75,56.13,12.04,1020.38,0
13.75,57.63,9.03,1017.88,0
15,65.25,5.1,1017.75,1
17.38,63.88,11.81,1017.5,0
16.75,71.25,7.18,1020.5,0
14.63,81.13,9.25,1022,0
14.63,62.88,7.4,1019.25,1
15.13,62.63,3.01,1019,1
15.88,67.63,1.85,1017,1
16.63,63.88,4.41,1017.38,1
16.88,63.5,5.55,1019.75,0
15.75,64,4.63,1019.75,1
16,66.63,1.85,1017.13,0
15.5,69.63,6.03,1016.13,1
17.25,59,6.73,1012.63,0
19.38,63.13,4.16,1009.63,1
18.88,70.13,1.39,1012.63,1
20.63,71.25,10.43,1013.63,0
21.14,72.57,5.03,1011.86,1
21.25,72.88,5.1,1011.75,1
22.75,73.5,7.65,1012,1
22.75,67.13,7.19,1013.88,1
21.88,63.5,11.34,1014.13,1
22.14,58.86,14.81,1013.38,1
21.5,74.38,3.03,1014.25,1
22.88,72.38,6.04,1010.63,0
23.13,58.63,6.5,1008.5,0
20,34.38,6.71,1009.88,1
19.25,43.13,5.8,1013,1
21.25,45.5,6.95,1013,1
17.38,92.75,14.81,1011.13,0
17.5,89.88,6.73,1012.5,1
16.25,82.5,5.56,1013.75,1
16.75,69.25,6.71,1014,1
18.75,64,3.7,1015.75,1
20,62.38,5.09,1016.38,1
18.38,80.38,4.18,1013.71,0
19.5,74.13,7.89,1015.38,1
18.13,54.25,12.26,1021,0
17.75,68.5,8.56,1019.13,0
18.25,69.88,6.03,1018.13,1
20.5,63.38,5.33,1017,0
21.38,65.25,4.18,1014.75,0
21.5,64.63,7.88,1015.13,1
17.63,89.13,11.58,1015.5,1
19.86,81.86,8.56,1017.38,1
20.88,70.38,13.2,1015.88,0
20.25,69.63,12.26,1013.5,0
21.13,66,5.34,1014.88,1
22.5,65.75,9.03,1014.88,1
24.88,60.5,5.79,1014.88,1
25.13,64,10.2,1012,0
24.75,65.75,7.64,1010,1
25.75,65.5,1.39,1010.25,0
26.63,65.63,2.55,1011.86,0
28.5,54.38,9.26,1013,0
27.38,51.38,7.65,1012,0
27,53.63,3.71,1009.63,0
25,52.75,13.19,1008.63,0
23.5,66.25,14.81,1010.38,0
25.25,64.88,3.7,1010.14,0
26.43,59.71,6.71,1007.5,0
28.71,45.29,10.18,1004.63,0
24.5,71.13,6.96,1004.75,1
21,77.5,1.39,1005.25,1
23.57,67.71,17.6,1007.75,0
25,60.13,2.78,1007.75,0
23.75,62.13,9.74,1010.25,1
25.63,50.38,6.71,1012,0
26,52.88,9.04,1010.5,1
27.13,52.25,6.25,1008.5,0
28.25,44.88,8.1,1008.38,1
24.38,63,5.33,1012.38,1
24.75,70.88,6.95,1013.75,1
26.25,62.75,3.01,1012.75,1
27.63,59.25,5.79,1012.88,1
25.25,58.25,8.11,1013.88,0
28.13,48.75,8.34,1007.13,0
30.13,44.5,5.56,1002.38,1
32.13,41,4.18,1003.88,0
32.88,37.88,7.19,1005.75,0
31.75,28.5,11.11,1005.63,1
30.75,30.25,11.35,1003.13,1
30.75,33,8.1,1004,0
31.13,39.5,2.55,1004.38,0
30.5,43.13,12.98,1005.88,0
28.75,51.13,15.74,1008,0
30.13,53,17.59,1006.75,1
31,48.25,12.51,1004.5,0
31.25,47.25,9.03,1005,0
32.63,44.75,15.05,1004,1
31.25,43.5,5.34,1005.88,0
30.13,40.25,4.4,1006.25,1
31,39.25,3.01,1006.63,1
30.88,39.25,3.94,1006.63,0
32.13,31.13,7.65,1003.88,0
34.13,22,11.36,1001.88,1
35.43,13.43,15.34,1003.57,0
34.13,22.38,12.28,1003.25,1
35.13,27,8.34,1001.63,0
35.13,25,6.96,1001.38,1
34,32.63,10.89,1003.63,1
33.13,46,6.04,1004.88,1
27.75,61,6.71,1006.13,0
29.63,49.63,4.41,1007.25,1
28.5,52.13,7.18,1006.5,0
30,51.63,4.16,1003.25,1
33.25,40.38,8.35,1001.13,1
35.38,35.75,5.56,1000,1
31.5,44,14.81,1002.13,1
33.13,31.63,14.6,1002,1
35.63,24.63,11.34,1000.38,1
36.25,19.5,12.51,998.13,0
37.38,21.75,12.73,996.13,0
36,29.25,5.1,997.38,1
37.75,22.25,10.88,996.88,0
35.25,26.63,17.13,1001.5,0
33.75,20.5,6.71,1001.25,0
34.75,29.5,8.34,1000.63,1
35.13,27.25,8.13,1001.63,1
32.25,38.75,12.26,1003.88,0
34.25,25,14.59,1001.75,1
29.38,41.75,12.51,1003.25,0
31.63,39.25,8.58,1003.5,1
28.63,50.5,6.73,1004.63,0
31.88,48.38,4.86,1004,1
32.63,39.88,6.01,1003.5,0
33.38,39.75,7.86,1001.38,1
35,36.25,7.18,999.25,1
36.5,33,6.25,998.88,0
37.63,23.88,18.75,998.88,0
36.63,32.29,18.05,999.63,0
35.63,34.75,18.29,1000,1
35.88,34.63,12.74,998.5,1
31.13,48.13,10.19,998.86,1
27,77.63,3.95,1000.29,1
31,60.75,3.01,999.57,1
32.38,52.13,2.79,999.14,0
33.88,49.75,3.25,998,1
35.13,45.13,3.01,997.63,0
35.88,46.75,8.58,996.25,1
33.13,48.5,12.98,997.88,1
30.38,63.63,8.11,998.13,0
32.13,59.5,4.4,995.63,0
31.5,61.63,6.01,995,1
37.25,63.88,6.5,995.38,1
26.63,82.75,6.26,994.75,0
31.13,54.25,11.56,995.25,1
32.63,48.25,14.11,997.13,1
34.25,47.5,9.04,1000.29,1
31.13,56.63,11.56,1003.63,0
30.88,58.63,9.96,1002.63,1
32,53.25,4.18,1001.88,0
33.75,45.88,6.95,1001.13,1
33,49,14.35,999.63,0
34.13,51.5,16.9,997.5,0
35.71,47.29,14.01,995.43,0
27.88,83.25,9.28,997.88,0
28.13,86.13,1.85,998.13,1
31.25,72,2.78,998.63,1
29.63,77.25,2.55,998.63,1
26.63,92.13,6.03,998.75,1
25.5,98,3.24,999.33,1
25.5,94.75,7.43,998.63,1
29.88,73.13,4.86,1000.63,1
30.88,67.88,10.88,997.86,0
33.38,52.88,17.14,993.75,1
31.75,61.38,13.44,994.75,0
30.75,75.63,4.4,997.25,1
29.5,78.88,4.18,998,0
30.13,70,0.7,997.63,0
29.13,78,4.86,999.13,0
31.38,69.25,8.13,1000,1
32.25,64.13,7.88,1001.13,0
32.13,64.88,8.58,1001.75,1
32,64.75,6.71,1001,1
30.86,71,19.91,998.57,1
30,71.63,16.89,998.88,1
29.63,69,11.34,1000.29,1
29.5,61,11.59,1000.13,0
28.5,68.13,10.88,998,1
29,67.75,9.96,998.88,1
29,71,4.18,999.75,0
28.25,71.75,0.93,1002.75,1
29.63,69.5,2.55,1003.63,1
31.5,58.63,5.33,1001.88,1
29.43,77.79,4.77,1000.07,0
29.59,79.66,8.22,1000.28,1
29.5,79.13,3.03,998,1
29.25,83,2.31,1000,1
28.88,84.88,1.63,1002,1
27.38,90.13,3.01,1000.25,0
30.38,77,0,1000,1
28.38,86.63,0.46,1003,1
30.75,74.25,0,1003.13,0
32,69.5,0.46,1001.88,0
30.88,72.63,3.48,1002,1
28.5,85.5,0,1002.75,1
28.63,82.63,1.85,1002.88,1
30.75,72.63,0.7,1001.38,0
29.13,72.88,4.88,1002.57,1
31.25,61.25,33.33,1002.38,0
30.75,58.63,14.6,1001.38,0
29.38,72,8.58,1002,1
30.25,65.38,5.8,1000.88,1
29.88,69.38,5.56,1000.86,1
30.75,65.63,7.19,1001.75,2
32,57.29,10.07,1001,0
32,61,4.86,1001.13,1
32.5,61,5.33,1002,0
32,63.5,2.31,1002.25,1
32.25,58,5.81,1001.38,1
32.63,56.5,9.28,1001.38,1
31.86,54.43,13.49,1001.83,0
32.13,47.63,15.28,1000.86,0
31.88,45.63,12.74,1001.75,1
31.63,49.13,10.19,1005.5,1
32,42.63,11.35,1007.88,1
30.88,47.25,7.64,1007.13,1
31.25,41.8,7.64,1006.25,0
31.5,46.38,9.49,1005.75,0
31.63,47,11.81,1005.5,1
31,47.88,10.19,1005.63,1
31.25,46.5,8.58,1006.75,1
30.75,49.75,6.01,1006.25,1
32.14,54.43,3.17,1006,1
32.13,55.25,1.39,1005.88,1
31.88,54.38,2.55,1003.63,0
33,55,0.46,1003.25,0
32.38,55,1.4,1003.63,0
31.38,58.38,1.16,1004.38,1
31,67.63,7.41,1005.13,1
30.63,74.25,2.09,1003.63,1
29.14,69.14,5.56,1002.86,0
30.13,64.5,5.8,1002.5,0
30.25,64.38,10.19,1002.5,0
28.63,61.25,13.68,1006.38,1
28.25,52.38,11.58,1004.63,0
28.5,49.38,8.58,1003.75,1
29.25,53.5,6.25,1005.25,1
28.71,58.14,2.91,1007,1
28.25,58.5,3.94,1009,0
29,54.57,9.53,1010.57,1
29,46.88,8.34,1011.38,0
28.13,51.25,5.58,1012,1
28.29,53.71,14.59,1010.75,0
30,52.33,18.79,1008.71,0
29,54.38,3.03,1008.13,0
28.88,59.38,1.39,1009.25,0
28.38,61.13,4.64,1009,1
28.63,65.75,6.48,1009.13,1
28.38,65.13,4.41,1007.5,1
28.5,59.75,6.03,1004.25,0
28.5,54.63,6.71,1005,0
28.57,51.57,6.89,1008.71,0
29.25,54.13,3.25,1010,1
29.5,62.88,3.73,1011,0
28.13,63.63,4.88,1013.25,0
27.5,66,0.46,1013.5,1
27.88,62.63,0.93,1013.5,0
28,63.75,3.71,1012.25,1
26.86,71.71,11.11,1013.13,1
28.14,66.29,3.46,1011.71,0
27.71,64.86,2.91,1009.86,0
26.5,62.13,2.09,1011.88,0
24.75,56,4.4,1012.25,1
24,51.63,4.86,1011.88,0
24.88,53.25,1.4,1011.63,0
26.38,47.13,5.58,1012.75,1
25.63,52.13,5.58,1014.88,0
24.75,54.25,3.48,1013.88,1
20.88,57.25,7.88,1015.88,1
22.13,63.5,1.85,1016.88,1
22.38,67.25,1.63,1016.38,1
22.38,69.38,1.16,1016.13,1
22.88,70.5,0.93,1016.25,0
23.38,71.38,0.46,1015.88,0
24,67.88,0.48,1014.25,1
23.75,69,0.93,1012.25,0
22.13,75.25,5.1,1012.38,0
22.88,74.38,2.33,1012.75,1
21.88,74.88,1.16,1014.63,0
21.88,70.25,1.86,1015.88,1
21.75,73.63,0.7,1015,1
22.75,72.63,0.7,1013.5,1
21.88,59.5,4.64,1014.38,0
21.88,60.5,5.79,1015.38,0
22.38,59.38,5.33,1014.88,0
22.38,59.63,3.48,1012,0
22.5,62,0,1012,1
21.88,50.38,2.79,1012.63,0
19.88,48.38,5.1,1013.5,0
18.5,57.63,4.4,1016.38,1
18.5,64.75,0.93,1017.5,0
18.5,66,0.46,1016.13,1
18.75,67.63,1.39,1015.5,1
18.63,64.88,0.46,1015.13,1
17,73.5,0,1015.88,1
18.5,63,1.63,1016,0
19.38,56.38,5.79,1014.75,1
20,59.5,0.93,1012.75,1
18.5,66.25,2.55,1011.25,1
18.75,82.13,1.16,1015.38,1
18.13,81.25,1.16,1018,1
19.5,82.38,0.93,1016.75,0
19.25,78.75,1.63,1014.75,1
18.13,72.13,2.09,1016.13,1
17.63,70.25,7.19,1016,1
17.63,67.5,4.64,1015,0
17.5,72.38,0.93,1015.88,1
17.13,75.88,1.4,1016.5,1
17.63,76.88,2.31,1017.25,0
18.43,71.29,1.06,1015.71,0
18.38,78.13,3.48,1015.25,0
19,77.25,2.09,1011.75,1
17.25,77.88,5.1,1011.38,0
13.25,91,4.4,1014.25,0
12.88,67,3.48,1016.5,0
13.25,63.63,7.4,1017,1
13.13,63.88,5.33,1016.5,1
13,65.5,1.16,1016.38,1
12.25,73.63,0.93,1016.88,1
12.88,71.25,4.4,1018.63,1
12.38,71.88,3.49,1019,0
11.75,70.25,1.16,1018.5,0
12.63,74.75,1.39,1018.88,0
12,79.88,0.7,1020.88,1
12.5,81.38,3.49,1020.63,1
11.25,68.63,6.03,1021.25,0
11.5,66.13,5.56,1022,1
12.75,64.5,6.49,1021.13,0
15.38,63.25,7.89,1020.63,1
17.13,58.13,10.89,1020.88,0
16.38,65,7.41,1018.13,0
15.5,71.75,2.1,1017.5,1
15,71.38,2.09,1020.5,1
14.71,72.29,1.06,1021.14,1
14,75.88,2.09,1021,1
14.38,74.75,5.11,1018.5,1
15.75,77.13,0,1017.63,0
15.83,88.83,0.62,1017,0
17.38,81.63,2.31,1016.5,0
17.13,87,0,1018.13,1
15.5,83.25,7.89,1017.25,1
15.86,65.14,8.47,1015.43,1
15.63,74.38,2.78,1017.5,1
15.75,74.88,1.63,1017.5,0
18,69.69,6.03,1014.94,1
18.27,75.8,5.08,1014.33,1
15.56,80.44,4.3,1016.13,1
13,84.19,10.78,1017,1
13.6,80.07,11.24,1014.6,1
14,77.67,2.11,1016.2,1
13.27,80.47,1.48,1014.73,1
12.36,88.57,4.65,1015.29,0
12.07,84.2,6.19,1018.67,1
12.19,73.19,7.89,1020.19,1
11.73,83.4,3.59,1019.47,1
14.44,75.88,3.25,1019.81,1
11.19,86.25,6.63,1019.06,1
11.67,75.4,4.58,1017.2,1
14.56,79.69,2.55,1015.38,0
17.58,69.17,4.03,1014.17,1
16.86,69.36,5.03,1015.07,1
19.56,70.63,2.54,1017.38,0
20.14,78.5,1.2,1014.5,0
17.38,78.25,7.76,1016,1
15.85,65.77,7.27,1017.15,0
15.27,55.87,8.89,1018.2,1
13.13,66.5,7.62,1018,0
16.36,53,6.94,1017.33,1
12.67,70.67,2.17,1016.83,1
15.33,69.5,3.7,1013.33,0
15.63,77,2.79,1015.75,1
17.09,67.18,5.9,1017.09,1
17.77,67.46,5.85,1014.69,1
18.13,64.87,2.1,1012.73,1
19.69,54.75,6.03,1011.25,1
19.2,57.87,0.75,1012.53,0
17.07,62.13,5.81,1014.87,1
17.64,61.93,8.07,1017.21,1
17.6,59.53,5.94,1018.73,1
18.21,56.14,5.44,1020.07,1
18.71,59.29,3.71,1019.14,0
19.47,76,5.19,1017.4,0
23.15,70.23,4.15,1014.62,1
23.63,73.13,11.12,1014.13,1
21,61.13,17.14,1014.75,1
21,51.43,15.21,1014.43,0
21.43,50.64,9.79,1012.5,0
21.69,58.06,2.44,1012.94,1
22.56,57.5,5.34,1015.5,1
22.8,55.6,2.48,1018.4,0
22.8,59,3.33,1018.47,1
23,63.06,3.71,1018.94,0
23.88,63.94,3.71,1018.63,1
24.92,57.42,1.7,1015,1
24.93,57.07,1.73,1015.4,1
26,55.62,4.29,1014.62,0
27.31,44.25,6.14,1012.69,0
23.93,57.13,11,1012.67,0
22.81,66.56,5.22,1013.06,0
23.71,64.14,5.17,1012.36,1
23.43,60.21,6.74,1011.64,1
24,57.56,9.38,1012.06,1
25.56,57.44,7.98,1013.19,0
25.07,67.8,6.55,1012.53,1
24.56,66.94,9.49,1009.56,1
24.25,65.19,6.84,1011.19,1
22.38,66,6.28,1014.31,0
24.07,58.93,8.65,1014.87,1
23.94,53.75,10.88,1012.81,1
26.31,50.31,6.84,1010.44,1
26.19,61.25,6.71,1009.81,1
26.79,61.86,3.58,1009.21,1
27.13,58.73,2.85,1010.33,1
26.63,43.38,12.26,1011.13,1
25.06,37.88,22.1,1009.38,0
26.2,43.27,10.64,1010,1
28.13,46.87,3.21,1013.33,1
29.88,50.19,3.37,1013.19,0
24.67,62.67,9.39,1013.6,1
26.25,53.69,9.16,1012.81,1
25.93,52.8,6.55,7679.33,1
27.13,47.75,7.29,1011.31,1
29.57,39.79,7.02,1011.14,1
30,39.73,4.33,1009.2,1
30.57,38.21,12.04,1006.71,0
32.31,38.56,5.46,1008,1
33.31,44.25,2.55,1008.38,1
32.81,33.13,8,1006.69,0
32.31,29.31,9.27,1007,1
31.38,33.13,3.48,1006.88,1
29.93,37,10.85,1007.27,1
29.27,36,4.69,1009.2,0
30.73,32.47,12.62,1009.31,0
32.25,29,5.23,1008.81,1
29.8,35,16.04,1009.4,0
30.2,36.2,19.38,1006.33,1
31.75,28.06,18.64,1003.31,0
33.13,23.88,10.43,1003.81,1
33.63,25.38,9.84,1004.63,1
35.69,23.69,11.11,1003.06,1
34.67,23.87,9.39,1002.67,1
34.63,30.13,7.18,1004.69,1
34,33.6,4.57,1005.87,0
34.06,25.94,14.02,1006.44,1
34,24.67,15.75,1003.4,0
33.25,24.25,8.35,1001.73,0
31.92,21.82,19.65,1001.85,0
31.31,22.13,10.19,1003.06,0
31.75,22.81,6.95,1005.56,1
33.44,25.19,3.83,1007.19,0
33.13,29.06,4.98,1005.69,1
34.15,21.77,11.82,1004.69,1
34.07,23.29,9.12,1005.71,0
33.06,25.56,5.21,1004.81,1
34.69,23.38,8.58,1002.44,1
38,18.47,9.51,1002.2,0
35.5,30.38,6.49,1004.31,1
33.71,31.86,10.46,1003.79,1
30.6,42,11.25,1007.47,1
31.44,37.44,8.23,1007,1
33.31,37.19,4.65,1005.56,1
35.13,36.33,7.29,1005.93,0
33.53,40.6,18.43,1006.06,1
34,39.75,10.56,1006.56,1
32.5,49.94,7.78,1006.06,1
35.38,40,5.1,1002.25,1
37.29,28.12,8.07,1001.35,0
36.56,31.88,4.17,1003.13,1
37.25,29.5,4.75,1003.56,1
37.21,23.5,9.02,1000.8,1
37.5,25.81,9.61,998.94,0
37.75,27.63,8.45,997.81,1
37.38,40.5,9.39,998.63,1
37.4,44.2,8.41,996.93,1
36.13,45.4,10.87,995.93,1
36.8,44.8,6.55,996.47,0
32.21,47.93,14.95,999.57,1
31.53,53.53,8.49,1000.74,0
33.22,46.61,10.16,997.48,1
35.27,44.58,15.18,999.15,1
38.27,26.09,15.32,999.95,1
36.06,37.25,14.41,999.83,1
31.5,57.06,11.68,1001.25,0
26.81,74.81,9.49,1003.81,1
32.64,51.21,7.41,1002.31,1
36,42.2,9.13,1002.73,0
37.56,35.31,11.93,1002,1
37.56,40.69,2.78,1002.25,1
38.2,42.07,3.21,1001.87,1
36.17,51.75,8.5,1002.83,1
35.43,45.71,11,1001.57,1
34.63,59.19,21.31,1002.06,1
36.07,44.64,8.49,999.21,0
35.73,43.73,9.26,938.07,1
36.13,41.87,10.08,998.25,0
33.44,49.94,8.81,999,1
35.5,37.13,9.16,998.81,1
36,43.31,12.85,998.19,1
32.63,55.13,11.86,997.81,0
34.73,48.87,10.51,996.13,1
33.5,51.29,11.39,999,1
34.19,52.25,7.43,999.43,1
35.86,50.57,10.86,1000.86,1
35.63,53.25,9.39,1001.38,1
30.94,73.94,7.64,1000.69,1
32.88,62.19,8.92,999.94,1
33.13,60.81,7.42,1001.56,1
33.85,51.62,5.88,999.69,1
36.44,46.56,7.76,998.31,1
35.43,55.93,9.66,1000.07,0
34.87,57.47,7.66,1000.38,1
34.31,61.25,7.99,998.87,1
30.79,75.07,5.44,1001.5,1
35.38,58.88,8.45,1001.19,1
35.47,60.2,6.79,997.87,0
32.13,73.4,8.35,1002.56,1
28.4,80,5.23,998.38,1
29.56,78.13,1.97,998.25,1
30.69,76.31,3.48,997.13,1
33.25,68.69,5.34,995.56,0
33.27,64.07,8.88,996.87,1
33.5,63,5.92,997.69,0
30.8,75.87,5.43,997.4,1
33.25,66.06,6.73,996.75,1
32.56,65.69,4.7,996.06,1
31.5,71.94,8.05,997.75,1
30.5,80.19,5.56,999.06,1
31.25,76.31,6.81,998.44,1
30.44,80.44,5.22,998.38,1
31,78.06,7.27,998.63,0
27.13,93.88,4.37,999.88,1
28.13,86.56,6.6,1001.33,0
27.67,91.27,7.65,1000.8,1
32.31,69.13,13.66,999.88,1
34.19,59.56,12.96,999.63,1
34.13,56.87,11.48,999.27,1
34.13,56.13,8.69,999.33,1
31.88,66,7.77,1001.63,1
31.44,72.25,2.43,946.31,0
31.94,69.13,2.91,1001.88,1
30.31,82,6.49,1003.13,1
28.31,88.25,4.29,1004.63,1
29.53,81.33,5.19,1002.07,1
27.38,92.44,2.43,1000.94,0
27.33,92.27,1.86,1001.2,1
29.27,83.13,4.7,1000.67,1
29.13,84.25,5.91,999.13,1
30.69,72.13,6.38,310.44,1
32.56,63.56,5.45,998.5,1
33.11,63.89,7.93,998.78,1
33.8,61.67,4.32,999.33,0
30.07,76,6.93,1000.8,1
33.12,65.18,7.85,1000.53,1
33.81,62.38,9.44,999.64,1
31.62,71.65,9.55,998.5,1
32,71.26,10.16,999.37,1
28.11,89.46,7.82,1001.61,1
29.04,85,3.85,1002.29,1
30.32,77.07,3.23,1001.07,1
28.93,83.7,6.37,633.9,1
31.68,67.64,12.73,999.29,1
31.33,66.42,14.67,-3.04,0
29.93,72.5,6.33,999.52,0
29.89,79.81,1.72,999.92,0
32.07,68.29,1.92,999.89,0
33.19,66.48,10.37,1000.16,1
31.59,68.07,10.02,1001.19,1
32.19,65.56,8.24,1002.89,1
31.48,70.08,6.08,1003.24,0
30.18,79.29,8.42,1002.5,1
31.52,72.44,6.28,1004.42,1
31.22,73.81,4.39,1005.22,0
31.79,70.29,7.15,1006.14,1
33.4,66.24,7.27,1006.2,1
29.57,82.32,5.83,1003.61,0
30.04,76.8,8.9,1002.19,0
27.26,89.56,6.73,1003.04,1
27.96,87.24,4.15,1002.44,1
30.74,71.74,13.2,1001.27,1
30.89,62.68,13.26,1001.16,1
31.69,59.31,11.12,1002.92,0
31.08,60.31,13.96,1003.23,1
30.38,55,13.44,1003.75,1
31.1,57.7,9.1,1003.45,1
31.92,58,10.81,1005.17,0
30.56,56.67,11.52,1004.33,1
31.23,58.23,11.97,1005.23,1
31,56.4,8.15,1003.8,1
31.64,55.5,10.85,1005.07,1
32.53,57.07,8.53,1006.4,1
30.86,70.36,4.24,1006.93,1
31.73,59.64,11.9,1004.75,1
31.4,58,3.52,1004.4,1
32.31,58,2.71,1003.15,1
32.25,58.83,17.91,1005,1
32.38,59.46,2.09,1004.71,1
33.44,54.07,2.57,1003.52,1
33.36,58.96,6.09,1005.4,0
30.04,67.63,8.11,1008.78,1
31,66.11,3.57,1005.32,1
31.24,66.48,5.5,1352.62,1
31.13,62.3,3.15,1004.78,1
31.48,60.88,2.99,1006.76,1
32.19,57.81,1.78,1006.7,1
32.44,55.28,2.52,1005.28,1
32.23,61.32,3.96,1005.59,0
32.21,59.36,2.58,1005.57,1
32.54,61.92,3.17,1007.5,1
32.81,61.81,4.12,1009.11,1
33.27,59.58,3.99,1007.19,1
30.56,69.81,5.77,1005.37,1
28.83,71.88,3.33,1005.25,1
30.7,64.81,3.23,1007.15,0
30.96,59.96,15.83,1007.2,0
30.6,57.96,8.76,1006.85,0
30.92,59.2,3.18,1005.96,0
29.78,51.11,4.81,1006.15,1
29.67,51.15,8.92,1006.59,0
29.57,47.29,11.37,1006.25,1
29.96,44,13.02,1008.33,0
29.75,47.88,8.93,1009.13,0
27.74,54.15,6.66,1010.52,1
28.43,49.86,7.01,1011.86,1
28.6,49.24,7.12,1010.56,1
28.5,48.46,7.67,1009.46,0
28.93,49.19,6.46,1008.56,0
29.08,47.73,9.12,1007.54,0
28.41,50.41,10.7,1008.73,0
29.33,49.48,13.32,1009.37,1
27.5,54.96,11.55,1009.31,0
28.5,51.42,11.19,1008.27,1
28.04,54.56,12.39,1008.92,0
27.58,56.19,5.7,1011.73,0
26.56,59.37,6.04,1014.63,0
25.52,58.78,7.28,1012.41,0
25.81,62.78,1.71,1013,1
24.83,71.04,2.01,1014.61,0
24.54,66.81,1.64,1017.81,0
24.38,58.73,2.72,1016.38,0
23.73,65.91,1.43,1016.59,1
25.64,59.76,2.23,1016.24,0
24.81,58.3,4.12,1012.63,1
23.12,66.58,5.78,1010.35,1
22.93,63.85,2.41,1011.52,1
24.55,51.32,8.17,1012.77,1
23.73,52.27,12.75,1013.64,1
23,49.7,7.07,1014.67,1
23.52,50.15,3.23,1013.81,1
23.92,54.04,2.97,1014.08,1
23.54,58.04,2.78,1015.15,0
24.3,55.81,4.4,1016.52,1
23.35,60.73,1.5,1015.73,1
22.24,55.72,4.09,1016.24,1
21.77,53.23,7.14,1017.54,1
21.73,51.73,11.55,1350.3,1
21.73,53.62,7.78,1014.69,0
20.67,60.67,2.84,1012.47,1
22.25,59.9,2.51,1013.35,1
21.54,60.46,2.72,1013,1
22.58,50.16,8,1012.89,0
22.83,51.43,6.6,1013.17,1
21.42,51.47,8.29,1014.95,1
23.6,30.55,15.09,1012.95,0
24.29,32.65,14.49,1013.25,1
23.64,33.64,12.46,1013.59,1
22.45,37.32,9.19,12.05,0
21.61,53.72,1.24,1015,1
19.87,80.09,4.27,1016.61,1
19.75,84,2.7,1016.88,1
19.21,75.88,4.95,1017.75,0
21.21,52.17,5.87,1019.33,1
18.9,55.25,5.67,1019.7,1
18.64,56.59,4.95,1017.05,1
18.54,69.92,2.5,1017.96,1
18.25,74.35,0.93,1017.42,1
16.9,73.3,1.77,1016.2,1
19.42,68.13,1.31,1013.42,1
16.44,82.83,5.36,1014,0
20.04,69.58,4.72,1013.29,0
19.91,63.86,3.28,1014.18,1
19.05,62.35,3.43,1015.1,1
18.56,58.61,8.03,1017.33,1
18.17,56.63,9.88,1016.67,1
15.83,63.28,3.92,1018.78,1
17.5,63.39,6.73,1016.95,1
16.08,64.54,6.42,1018.08,1
17.86,56.1,10.41,1017.43,1
19.8,48.53,15.93,1015.2,0
18.05,54.3,19.4,1015.62,1
17.29,57.86,6.18,1016.14,1
15.55,74.7,1.21,1014.25,1
17.32,78.64,5.24,1011.32,1
14,94.3,9.09,1014.35,1
17.14,74.86,8.78,1016.95,1
16.85,67.55,8.34,1017.2,1
17.22,68.04,3.55,1015.57,1
15.24,87.86,6,1016.9,0
14.1,89.67,6.27,1017.9,1
15.05,87,7.33,1016.1,0
10,100,0,1016,0
